,County,Election Date,Precinct,Contest Group ID,Contest Type,Contest Name,Choice,Choice Party,Vote For,Election Day,One Stop,Absentee by Mail,Provisional,Total Votes
56586,DAVIDSON,2014-11-04,72,1164,S,US HOUSE OF REPRESENTATIVES DISTRICT 12,Alma Adams,DEM,1,103,49,0,0,152
56587,DAVIDSON,2014-11-04,36,1164,S,US HOUSE OF REPRESENTATIVES DISTRICT 12,Alma Adams,DEM,1,238,85,0,0,323
56588,DAVIDSON,2014-11-04,80A,1164,S,US HOUSE OF REPRESENTATIVES DISTRICT 12,Alma Adams,DEM,1,185,120,0,0,305
56589,DAVIDSON,2014-11-04,6,1164,S,US HOUSE OF REPRESENTATIVES DISTRICT 12,Alma Adams,DEM,1,175,49,0,0,224
56590,DAVIDSON,2014-11-04,30,1164,S,US HOUSE OF REPRESENTATIVES DISTRICT 12,Alma Adams,DEM,1,423,242,0,0,665
56591,DAVIDSON,2014-11-04,10,1164,S,US HOUSE OF REPRESENTATIVES DISTRICT 12,Alma Adams,DEM,1,0,6,0,0,6
56593,DAVIDSON,2014-11-04,70,1164,S,US HOUSE OF REPRESENTATIVES DISTRICT 12,Alma Adams,DEM,1,112,62,0,0,174
56594,DAVIDSON,2014-11-04,38,1164,S,US HOUSE OF REPRESENTATIVES DISTRICT 12,Alma Adams,DEM,1,199,107,0,0,306
56595,DAVIDSON,2014-11-04,32,1164,S,US HOUSE OF REPRESENTATIVES DISTRICT 12,Alma Adams,DEM,1,162,75,0,0,237
56597,DAVIDSON,2014-11-04,22,1164,S,US HOUSE OF REPRESENTATIVES DISTRICT 12,Alma Adams,DEM,1,57,31,0,0,88
56598,DAVIDSON,2014-11-04,64,1164,S,US HOUSE OF REPRESENTATIVES DISTRICT 12,Alma Adams,DEM,1,294,141,0,0,435
56600,DAVIDSON,2014-11-04,28,1164,S,US HOUSE OF REPRESENTATIVES DISTRICT 12,Alma Adams,DEM,1,170,85,0,0,255
56601,DAVIDSON,2014-11-04,62,1164,S,US HOUSE OF REPRESENTATIVES DISTRICT 12,Alma Adams,DEM,1,216,122,0,0,338
56604,DAVIDSON,2014-11-04,10,1164,S,US HOUSE OF REPRESENTATIVES DISTRICT 12,Vince Coakley,REP,1,12,4,0,0,16
56605,DAVIDSON,2014-11-04,6,1164,S,US HOUSE OF REPRESENTATIVES DISTRICT 12,Vince Coakley,REP,1,530,142,0,0,672
56606,DAVIDSON,2014-11-04,62,1164,S,US HOUSE OF REPRESENTATIVES DISTRICT 12,Vince Coakley,REP,1,94,48,0,0,142
56608,DAVIDSON,2014-11-04,28,1164,S,US HOUSE OF REPRESENTATIVES DISTRICT 12,Vince Coakley,REP,1,499,166,0,0,665
56609,DAVIDSON,2014-11-04,72,1164,S,US HOUSE OF REPRESENTATIVES DISTRICT 12,Vince Coakley,REP,1,601,270,0,0,871
56610,DAVIDSON,2014-11-04,80A,1164,S,US HOUSE OF REPRESENTATIVES DISTRICT 12,Vince Coakley,REP,1,1071,504,0,0,1575
56611,DAVIDSON,2014-11-04,36,1164,S,US HOUSE OF REPRESENTATIVES DISTRICT 12,Vince Coakley,REP,1,146,41,0,0,187
56613,DAVIDSON,2014-11-04,70,1164,S,US HOUSE OF REPRESENTATIVES DISTRICT 12,Vince Coakley,REP,1,515,221,0,0,736
56615,DAVIDSON,2014-11-04,32,1164,S,US HOUSE OF REPRESENTATIVES DISTRICT 12,Vince Coakley,REP,1,125,48,0,0,173
56616,DAVIDSON,2014-11-04,38,1164,S,US HOUSE OF REPRESENTATIVES DISTRICT 12,Vince Coakley,REP,1,48,15,0,0,63
56617,DAVIDSON,2014-11-04,64,1164,S,US HOUSE OF REPRESENTATIVES DISTRICT 12,Vince Coakley,REP,1,68,37,0,0,105
56618,DAVIDSON,2014-11-04,22,1164,S,US HOUSE OF REPRESENTATIVES DISTRICT 12,Vince Coakley,REP,1,179,64,0,0,243
56619,DAVIDSON,2014-11-04,30,1164,S,US HOUSE OF REPRESENTATIVES DISTRICT 12,Vince Coakley,REP,1,53,42,0,0,95
57585,DAVIDSON,2014-11-04,6,1369,S,US HOUSE OF REPRESENTATIVES DISTRICT 12 (UNEXPIRED TERM),Alma Adams,DEM,1,158,46,0,0,204
57587,DAVIDSON,2014-11-04,10,1369,S,US HOUSE OF REPRESENTATIVES DISTRICT 12 (UNEXPIRED TERM),Alma Adams,DEM,1,0,6,0,0,6
57588,DAVIDSON,2014-11-04,30,1369,S,US HOUSE OF REPRESENTATIVES DISTRICT 12 (UNEXPIRED TERM),Alma Adams,DEM,1,411,242,0,0,653
57589,DAVIDSON,2014-11-04,22,1369,S,US HOUSE OF REPRESENTATIVES DISTRICT 12 (UNEXPIRED TERM),Alma Adams,DEM,1,54,29,0,0,83
57590,DAVIDSON,2014-11-04,64,1369,S,US HOUSE OF REPRESENTATIVES DISTRICT 12 (UNEXPIRED TERM),Alma Adams,DEM,1,295,135,0,0,430
57591,DAVIDSON,2014-11-04,70,1369,S,US HOUSE OF REPRESENTATIVES DISTRICT 12 (UNEXPIRED TERM),Alma Adams,DEM,1,106,66,0,0,172
57592,DAVIDSON,2014-11-04,32,1369,S,US HOUSE OF REPRESENTATIVES DISTRICT 12 (UNEXPIRED TERM),Alma Adams,DEM,1,161,71,0,0,232
57593,DAVIDSON,2014-11-04,38,1369,S,US HOUSE OF REPRESENTATIVES DISTRICT 12 (UNEXPIRED TERM),Alma Adams,DEM,1,197,110,0,0,307
57596,DAVIDSON,2014-11-04,62,1369,S,US HOUSE OF REPRESENTATIVES DISTRICT 12 (UNEXPIRED TERM),Alma Adams,DEM,1,217,111,0,0,328
57597,DAVIDSON,2014-11-04,28,1369,S,US HOUSE OF REPRESENTATIVES DISTRICT 12 (UNEXPIRED TERM),Alma Adams,DEM,1,168,83,0,0,251
57598,DAVIDSON,2014-11-04,72,1369,S,US HOUSE OF REPRESENTATIVES DISTRICT 12 (UNEXPIRED TERM),Alma Adams,DEM,1,103,49,0,0,152
57600,DAVIDSON,2014-11-04,80A,1369,S,US HOUSE OF REPRESENTATIVES DISTRICT 12 (UNEXPIRED TERM),Alma Adams,DEM,1,176,123,0,0,299
57601,DAVIDSON,2014-11-04,36,1369,S,US HOUSE OF REPRESENTATIVES DISTRICT 12 (UNEXPIRED TERM),Alma Adams,DEM,1,232,79,0,0,311
57602,DAVIDSON,2014-11-04,22,1369,S,US HOUSE OF REPRESENTATIVES DISTRICT 12 (UNEXPIRED TERM),Vince Coakley,REP,1,172,63,0,0,235
57603,DAVIDSON,2014-11-04,64,1369,S,US HOUSE OF REPRESENTATIVES DISTRICT 12 (UNEXPIRED TERM),Vince Coakley,REP,1,69,35,0,0,104
57604,DAVIDSON,2014-11-04,6,1369,S,US HOUSE OF REPRESENTATIVES DISTRICT 12 (UNEXPIRED TERM),Vince Coakley,REP,1,528,145,0,0,673
57605,DAVIDSON,2014-11-04,30,1369,S,US HOUSE OF REPRESENTATIVES DISTRICT 12 (UNEXPIRED TERM),Vince Coakley,REP,1,57,43,0,0,100
57607,DAVIDSON,2014-11-04,10,1369,S,US HOUSE OF REPRESENTATIVES DISTRICT 12 (UNEXPIRED TERM),Vince Coakley,REP,1,12,4,0,0,16
57608,DAVIDSON,2014-11-04,72,1369,S,US HOUSE OF REPRESENTATIVES DISTRICT 12 (UNEXPIRED TERM),Vince Coakley,REP,1,591,263,0,0,854
57609,DAVIDSON,2014-11-04,36,1369,S,US HOUSE OF REPRESENTATIVES DISTRICT 12 (UNEXPIRED TERM),Vince Coakley,REP,1,144,42,0,0,186
57611,DAVIDSON,2014-11-04,28,1369,S,US HOUSE OF REPRESENTATIVES DISTRICT 12 (UNEXPIRED TERM),Vince Coakley,REP,1,480,164,0,0,644
57612,DAVIDSON,2014-11-04,80A,1369,S,US HOUSE OF REPRESENTATIVES DISTRICT 12 (UNEXPIRED TERM),Vince Coakley,REP,1,1061,495,0,0,1556
57614,DAVIDSON,2014-11-04,62,1369,S,US HOUSE OF REPRESENTATIVES DISTRICT 12 (UNEXPIRED TERM),Vince Coakley,REP,1,92,52,0,0,144
57616,DAVIDSON,2014-11-04,70,1369,S,US HOUSE OF REPRESENTATIVES DISTRICT 12 (UNEXPIRED TERM),Vince Coakley,REP,1,506,215,0,0,721
57617,DAVIDSON,2014-11-04,38,1369,S,US HOUSE OF REPRESENTATIVES DISTRICT 12 (UNEXPIRED TERM),Vince Coakley,REP,1,45,12,0,0,57
57618,DAVIDSON,2014-11-04,32,1369,S,US HOUSE OF REPRESENTATIVES DISTRICT 12 (UNEXPIRED TERM),Vince Coakley,REP,1,121,46,0,0,167
68942,FORSYTH,2014-11-04,401,1164,S,US HOUSE OF REPRESENTATIVES DISTRICT 12,Alma Adams,DEM,1,415,257,12,0,684
68943,FORSYTH,2014-11-04,403,1164,S,US HOUSE OF REPRESENTATIVES DISTRICT 12,Alma Adams,DEM,1,387,179,7,0,573
68944,FORSYTH,2014-11-04,305,1164,S,US HOUSE OF REPRESENTATIVES DISTRICT 12,Alma Adams,DEM,1,403,317,16,0,736
68945,FORSYTH,2014-11-04,502,1164,S,US HOUSE OF REPRESENTATIVES DISTRICT 12,Alma Adams,DEM,1,399,194,5,3,601
68946,FORSYTH,2014-11-04,42,1164,S,US HOUSE OF REPRESENTATIVES DISTRICT 12,Alma Adams,DEM,1,389,201,11,1,602
68947,FORSYTH,2014-11-04,206,1164,S,US HOUSE OF REPRESENTATIVES DISTRICT 12,Alma Adams,DEM,1,461,217,13,0,691
68948,FORSYTH,2014-11-04,203,1164,S,US HOUSE OF REPRESENTATIVES DISTRICT 12,Alma Adams,DEM,1,420,180,11,0,611
68949,FORSYTH,2014-11-04,402,1164,S,US HOUSE OF REPRESENTATIVES DISTRICT 12,Alma Adams,DEM,1,395,195,8,0,598
68950,FORSYTH,2014-11-04,501,1164,S,US HOUSE OF REPRESENTATIVES DISTRICT 12,Alma Adams,DEM,1,620,283,11,1,915
68951,FORSYTH,2014-11-04,404,1164,S,US HOUSE OF REPRESENTATIVES DISTRICT 12,Alma Adams,DEM,1,380,279,13,5,677
68952,FORSYTH,2014-11-04,405,1164,S,US HOUSE OF REPRESENTATIVES DISTRICT 12,Alma Adams,DEM,1,388,106,4,1,499
68953,FORSYTH,2014-11-04,302,1164,S,US HOUSE OF REPRESENTATIVES DISTRICT 12,Alma Adams,DEM,1,288,168,3,1,460
68954,FORSYTH,2014-11-04,204,1164,S,US HOUSE OF REPRESENTATIVES DISTRICT 12,Alma Adams,DEM,1,387,187,9,0,583
68955,FORSYTH,2014-11-04,304,1164,S,US HOUSE OF REPRESENTATIVES DISTRICT 12,Alma Adams,DEM,1,490,526,16,0,1032
68956,FORSYTH,2014-11-04,205,1164,S,US HOUSE OF REPRESENTATIVES DISTRICT 12,Alma Adams,DEM,1,267,74,4,0,345
68957,FORSYTH,2014-11-04,505,1164,S,US HOUSE OF REPRESENTATIVES DISTRICT 12,Alma Adams,DEM,1,391,130,10,0,531
68958,FORSYTH,2014-11-04,504,1164,S,US HOUSE OF REPRESENTATIVES DISTRICT 12,Alma Adams,DEM,1,279,105,4,0,388
68959,FORSYTH,2014-11-04,303,1164,S,US HOUSE OF REPRESENTATIVES DISTRICT 12,Alma Adams,DEM,1,208,72,10,1,291
68960,FORSYTH,2014-11-04,301,1164,S,US HOUSE OF REPRESENTATIVES DISTRICT 12,Alma Adams,DEM,1,288,69,7,0,364
68961,FORSYTH,2014-11-04,204,1164,S,US HOUSE OF REPRESENTATIVES DISTRICT 12,Vince Coakley,REP,1,27,13,1,0,41
68962,FORSYTH,2014-11-04,305,1164,S,US HOUSE OF REPRESENTATIVES DISTRICT 12,Vince Coakley,REP,1,5,5,0,0,10
68963,FORSYTH,2014-11-04,502,1164,S,US HOUSE OF REPRESENTATIVES DISTRICT 12,Vince Coakley,REP,1,11,5,4,0,20
68964,FORSYTH,2014-11-04,206,1164,S,US HOUSE OF REPRESENTATIVES DISTRICT 12,Vince Coakley,REP,1,45,25,2,0,72
68965,FORSYTH,2014-11-04,203,1164,S,US HOUSE OF REPRESENTATIVES DISTRICT 12,Vince Coakley,REP,1,12,8,0,0,20
68966,FORSYTH,2014-11-04,401,1164,S,US HOUSE OF REPRESENTATIVES DISTRICT 12,Vince Coakley,REP,1,29,11,5,0,45
68967,FORSYTH,2014-11-04,42,1164,S,US HOUSE OF REPRESENTATIVES DISTRICT 12,Vince Coakley,REP,1,491,115,38,0,644
68968,FORSYTH,2014-11-04,403,1164,S,US HOUSE OF REPRESENTATIVES DISTRICT 12,Vince Coakley,REP,1,19,15,1,0,35
68969,FORSYTH,2014-11-04,501,1164,S,US HOUSE OF REPRESENTATIVES DISTRICT 12,Vince Coakley,REP,1,41,20,7,0,68
68970,FORSYTH,2014-11-04,205,1164,S,US HOUSE OF REPRESENTATIVES DISTRICT 12,Vince Coakley,REP,1,3,0,1,0,4
68971,FORSYTH,2014-11-04,302,1164,S,US HOUSE OF REPRESENTATIVES DISTRICT 12,Vince Coakley,REP,1,13,1,2,0,16
68972,FORSYTH,2014-11-04,304,1164,S,US HOUSE OF REPRESENTATIVES DISTRICT 12,Vince Coakley,REP,1,11,11,2,0,24
68973,FORSYTH,2014-11-04,405,1164,S,US HOUSE OF REPRESENTATIVES DISTRICT 12,Vince Coakley,REP,1,16,0,0,0,16
68974,FORSYTH,2014-11-04,404,1164,S,US HOUSE OF REPRESENTATIVES DISTRICT 12,Vince Coakley,REP,1,51,30,3,0,84
68975,FORSYTH,2014-11-04,402,1164,S,US HOUSE OF REPRESENTATIVES DISTRICT 12,Vince Coakley,REP,1,11,4,0,0,15
68976,FORSYTH,2014-11-04,504,1164,S,US HOUSE OF REPRESENTATIVES DISTRICT 12,Vince Coakley,REP,1,37,18,5,0,60
68977,FORSYTH,2014-11-04,505,1164,S,US HOUSE OF REPRESENTATIVES DISTRICT 12,Vince Coakley,REP,1,97,24,8,0,129
68978,FORSYTH,2014-11-04,303,1164,S,US HOUSE OF REPRESENTATIVES DISTRICT 12,Vince Coakley,REP,1,0,2,0,0,2
68979,FORSYTH,2014-11-04,301,1164,S,US HOUSE OF REPRESENTATIVES DISTRICT 12,Vince Coakley,REP,1,2,5,0,0,7
71078,FORSYTH,2014-11-04,204,1369,S,US HOUSE OF REPRESENTATIVES DISTRICT 12 (UNEXPIRED TERM),Alma Adams,DEM,1,373,178,9,0,560
71079,FORSYTH,2014-11-04,403,1369,S,US HOUSE OF REPRESENTATIVES DISTRICT 12 (UNEXPIRED TERM),Alma Adams,DEM,1,377,174,7,0,558
71080,FORSYTH,2014-11-04,401,1369,S,US HOUSE OF REPRESENTATIVES DISTRICT 12 (UNEXPIRED TERM),Alma Adams,DEM,1,405,243,10,0,658
71081,FORSYTH,2014-11-04,42,1369,S,US HOUSE OF REPRESENTATIVES DISTRICT 12 (UNEXPIRED TERM),Alma Adams,DEM,1,385,197,10,1,593
71082,FORSYTH,2014-11-04,502,1369,S,US HOUSE OF REPRESENTATIVES DISTRICT 12 (UNEXPIRED TERM),Alma Adams,DEM,1,383,184,5,4,576
71083,FORSYTH,2014-11-04,304,1369,S,US HOUSE OF REPRESENTATIVES DISTRICT 12 (UNEXPIRED TERM),Alma Adams,DEM,1,488,510,16,0,1014
71084,FORSYTH,2014-11-04,302,1369,S,US HOUSE OF REPRESENTATIVES DISTRICT 12 (UNEXPIRED TERM),Alma Adams,DEM,1,281,165,3,1,450
71085,FORSYTH,2014-11-04,203,1369,S,US HOUSE OF REPRESENTATIVES DISTRICT 12 (UNEXPIRED TERM),Alma Adams,DEM,1,409,172,11,0,592
71086,FORSYTH,2014-11-04,206,1369,S,US HOUSE OF REPRESENTATIVES DISTRICT 12 (UNEXPIRED TERM),Alma Adams,DEM,1,451,212,13,0,676
71087,FORSYTH,2014-11-04,501,1369,S,US HOUSE OF REPRESENTATIVES DISTRICT 12 (UNEXPIRED TERM),Alma Adams,DEM,1,610,271,11,1,893
71088,FORSYTH,2014-11-04,305,1369,S,US HOUSE OF REPRESENTATIVES DISTRICT 12 (UNEXPIRED TERM),Alma Adams,DEM,1,392,302,16,0,710
71089,FORSYTH,2014-11-04,504,1369,S,US HOUSE OF REPRESENTATIVES DISTRICT 12 (UNEXPIRED TERM),Alma Adams,DEM,1,272,102,4,0,378
71090,FORSYTH,2014-11-04,505,1369,S,US HOUSE OF REPRESENTATIVES DISTRICT 12 (UNEXPIRED TERM),Alma Adams,DEM,1,383,126,11,0,520
71091,FORSYTH,2014-11-04,303,1369,S,US HOUSE OF REPRESENTATIVES DISTRICT 12 (UNEXPIRED TERM),Alma Adams,DEM,1,203,66,10,1,280
71092,FORSYTH,2014-11-04,301,1369,S,US HOUSE OF REPRESENTATIVES DISTRICT 12 (UNEXPIRED TERM),Alma Adams,DEM,1,279,64,7,0,350
71093,FORSYTH,2014-11-04,404,1369,S,US HOUSE OF REPRESENTATIVES DISTRICT 12 (UNEXPIRED TERM),Alma Adams,DEM,1,368,268,11,5,652
71094,FORSYTH,2014-11-04,405,1369,S,US HOUSE OF REPRESENTATIVES DISTRICT 12 (UNEXPIRED TERM),Alma Adams,DEM,1,388,101,4,1,494
71095,FORSYTH,2014-11-04,205,1369,S,US HOUSE OF REPRESENTATIVES DISTRICT 12 (UNEXPIRED TERM),Alma Adams,DEM,1,255,73,4,0,332
71096,FORSYTH,2014-11-04,402,1369,S,US HOUSE OF REPRESENTATIVES DISTRICT 12 (UNEXPIRED TERM),Alma Adams,DEM,1,392,189,7,0,588
71097,FORSYTH,2014-11-04,204,1369,S,US HOUSE OF REPRESENTATIVES DISTRICT 12 (UNEXPIRED TERM),Vince Coakley,REP,1,28,9,1,0,38
71098,FORSYTH,2014-11-04,305,1369,S,US HOUSE OF REPRESENTATIVES DISTRICT 12 (UNEXPIRED TERM),Vince Coakley,REP,1,8,9,0,0,17
71099,FORSYTH,2014-11-04,502,1369,S,US HOUSE OF REPRESENTATIVES DISTRICT 12 (UNEXPIRED TERM),Vince Coakley,REP,1,13,6,4,0,23
71100,FORSYTH,2014-11-04,403,1369,S,US HOUSE OF REPRESENTATIVES DISTRICT 12 (UNEXPIRED TERM),Vince Coakley,REP,1,19,10,1,0,30
71101,FORSYTH,2014-11-04,42,1369,S,US HOUSE OF REPRESENTATIVES DISTRICT 12 (UNEXPIRED TERM),Vince Coakley,REP,1,482,112,38,0,632
71102,FORSYTH,2014-11-04,205,1369,S,US HOUSE OF REPRESENTATIVES DISTRICT 12 (UNEXPIRED TERM),Vince Coakley,REP,1,3,0,1,0,4
71103,FORSYTH,2014-11-04,304,1369,S,US HOUSE OF REPRESENTATIVES DISTRICT 12 (UNEXPIRED TERM),Vince Coakley,REP,1,7,12,2,0,21
71104,FORSYTH,2014-11-04,302,1369,S,US HOUSE OF REPRESENTATIVES DISTRICT 12 (UNEXPIRED TERM),Vince Coakley,REP,1,12,1,2,0,15
71105,FORSYTH,2014-11-04,504,1369,S,US HOUSE OF REPRESENTATIVES DISTRICT 12 (UNEXPIRED TERM),Vince Coakley,REP,1,30,19,5,0,54
71106,FORSYTH,2014-11-04,505,1369,S,US HOUSE OF REPRESENTATIVES DISTRICT 12 (UNEXPIRED TERM),Vince Coakley,REP,1,100,26,8,0,134
71107,FORSYTH,2014-11-04,303,1369,S,US HOUSE OF REPRESENTATIVES DISTRICT 12 (UNEXPIRED TERM),Vince Coakley,REP,1,3,3,0,0,6
71108,FORSYTH,2014-11-04,301,1369,S,US HOUSE OF REPRESENTATIVES DISTRICT 12 (UNEXPIRED TERM),Vince Coakley,REP,1,3,1,0,0,4
71109,FORSYTH,2014-11-04,401,1369,S,US HOUSE OF REPRESENTATIVES DISTRICT 12 (UNEXPIRED TERM),Vince Coakley,REP,1,27,14,5,0,46
71110,FORSYTH,2014-11-04,501,1369,S,US HOUSE OF REPRESENTATIVES DISTRICT 12 (UNEXPIRED TERM),Vince Coakley,REP,1,38,22,7,0,67
71111,FORSYTH,2014-11-04,206,1369,S,US HOUSE OF REPRESENTATIVES DISTRICT 12 (UNEXPIRED TERM),Vince Coakley,REP,1,46,27,2,0,75
71112,FORSYTH,2014-11-04,203,1369,S,US HOUSE OF REPRESENTATIVES DISTRICT 12 (UNEXPIRED TERM),Vince Coakley,REP,1,13,7,0,0,20
71113,FORSYTH,2014-11-04,404,1369,S,US HOUSE OF REPRESENTATIVES DISTRICT 12 (UNEXPIRED TERM),Vince Coakley,REP,1,55,28,3,0,86
71114,FORSYTH,2014-11-04,405,1369,S,US HOUSE OF REPRESENTATIVES DISTRICT 12 (UNEXPIRED TERM),Vince Coakley,REP,1,12,2,0,0,14
71115,FORSYTH,2014-11-04,402,1369,S,US HOUSE OF REPRESENTATIVES DISTRICT 12 (UNEXPIRED TERM),Vince Coakley,REP,1,6,3,1,0,10
85815,GUILFORD,2014-11-04,G04,1164,S,US HOUSE OF REPRESENTATIVES DISTRICT 12,Alma Adams,DEM,1,391,284,5,0,680
85816,GUILFORD,2014-11-04,G03,1164,S,US HOUSE OF REPRESENTATIVES DISTRICT 12,Alma Adams,DEM,1,501,310,8,0,819
85817,GUILFORD,2014-11-04,G01,1164,S,US HOUSE OF REPRESENTATIVES DISTRICT 12,Alma Adams,DEM,1,291,111,7,0,409
85818,GUILFORD,2014-11-04,G71,1164,S,US HOUSE OF REPRESENTATIVES DISTRICT 12,Alma Adams,DEM,1,510,396,8,0,914
85819,GUILFORD,2014-11-04,G72,1164,S,US HOUSE OF REPRESENTATIVES DISTRICT 12,Alma Adams,DEM,1,512,406,4,0,922
85820,GUILFORD,2014-11-04,G51,1164,S,US HOUSE OF REPRESENTATIVES DISTRICT 12,Alma Adams,DEM,1,359,133,12,0,504
85821,GUILFORD,2014-11-04,G54,1164,S,US HOUSE OF REPRESENTATIVES DISTRICT 12,Alma Adams,DEM,1,576,338,5,0,919
85822,GUILFORD,2014-11-04,H28,1164,S,US HOUSE OF REPRESENTATIVES DISTRICT 12,Alma Adams,DEM,1,406,309,12,0,727
85823,GUILFORD,2014-11-04,H17,1164,S,US HOUSE OF REPRESENTATIVES DISTRICT 12,Alma Adams,DEM,1,169,139,4,0,312
85824,GUILFORD,2014-11-04,H10,1164,S,US HOUSE OF REPRESENTATIVES DISTRICT 12,Alma Adams,DEM,1,352,514,8,0,874
85825,GUILFORD,2014-11-04,G57,1164,S,US HOUSE OF REPRESENTATIVES DISTRICT 12,Alma Adams,DEM,1,416,331,4,0,751
85827,GUILFORD,2014-11-04,G07,1164,S,US HOUSE OF REPRESENTATIVES DISTRICT 12,Alma Adams,DEM,1,311,172,17,0,500
85828,GUILFORD,2014-11-04,G08,1164,S,US HOUSE OF REPRESENTATIVES DISTRICT 12,Alma Adams,DEM,1,429,334,8,0,771
85829,GUILFORD,2014-11-04,JEF3,1164,S,US HOUSE OF REPRESENTATIVES DISTRICT 12,Alma Adams,DEM,1,688,935,12,0,1635
85830,GUILFORD,2014-11-04,H29A,1164,S,US HOUSE OF REPRESENTATIVES DISTRICT 12,Alma Adams,DEM,1,272,215,10,0,497
85831,GUILFORD,2014-11-04,H05,1164,S,US HOUSE OF REPRESENTATIVES DISTRICT 12,Alma Adams,DEM,1,331,292,10,0,633
85832,GUILFORD,2014-11-04,G69,1164,S,US HOUSE OF REPRESENTATIVES DISTRICT 12,Alma Adams,DEM,1,579,295,17,0,891
85833,GUILFORD,2014-11-04,G60,1164,S,US HOUSE OF REPRESENTATIVES DISTRICT 12,Alma Adams,DEM,1,291,165,17,0,473
85834,GUILFORD,2014-11-04,MON2A,1164,S,US HOUSE OF REPRESENTATIVES DISTRICT 12,Alma Adams,DEM,1,540,371,31,0,942
85835,GUILFORD,2014-11-04,H01,1164,S,US HOUSE OF REPRESENTATIVES DISTRICT 12,Alma Adams,DEM,1,237,107,3,0,347
85836,GUILFORD,2014-11-04,G10,1164,S,US HOUSE OF REPRESENTATIVES DISTRICT 12,Alma Adams,DEM,1,560,398,16,0,974
85837,GUILFORD,2014-11-04,FEN1,1164,S,US HOUSE OF REPRESENTATIVES DISTRICT 12,Alma Adams,DEM,1,570,735,14,0,1319
85838,GUILFORD,2014-11-04,G43,1164,S,US HOUSE OF REPRESENTATIVES DISTRICT 12,Alma Adams,DEM,1,426,203,7,0,636
85839,GUILFORD,2014-11-04,G49,1164,S,US HOUSE OF REPRESENTATIVES DISTRICT 12,Alma Adams,DEM,1,234,86,3,0,323
85840,GUILFORD,2014-11-04,G74,1164,S,US HOUSE OF REPRESENTATIVES DISTRICT 12,Alma Adams,DEM,1,544,634,10,0,1188
85841,GUILFORD,2014-11-04,H29B,1164,S,US HOUSE OF REPRESENTATIVES DISTRICT 12,Alma Adams,DEM,1,321,206,13,0,540
85842,GUILFORD,2014-11-04,JAM3,1164,S,US HOUSE OF REPRESENTATIVES DISTRICT 12,Alma Adams,DEM,1,0,0,0,0,0
85843,GUILFORD,2014-11-04,G05,1164,S,US HOUSE OF REPRESENTATIVES DISTRICT 12,Alma Adams,DEM,1,441,301,2,0,744
85844,GUILFORD,2014-11-04,G73,1164,S,US HOUSE OF REPRESENTATIVES DISTRICT 12,Alma Adams,DEM,1,439,310,13,0,762
85845,GUILFORD,2014-11-04,G50,1164,S,US HOUSE OF REPRESENTATIVES DISTRICT 12,Alma Adams,DEM,1,528,150,7,0,685
85846,GUILFORD,2014-11-04,SUM1,1164,S,US HOUSE OF REPRESENTATIVES DISTRICT 12,Alma Adams,DEM,1,405,264,5,0,674
85847,GUILFORD,2014-11-04,G64,1164,S,US HOUSE OF REPRESENTATIVES DISTRICT 12,Alma Adams,DEM,1,203,88,10,0,301
85848,GUILFORD,2014-11-04,G67,1164,S,US HOUSE OF REPRESENTATIVES DISTRICT 12,Alma Adams,DEM,1,265,88,7,0,360
85849,GUILFORD,2014-11-04,G37,1164,S,US HOUSE OF REPRESENTATIVES DISTRICT 12,Alma Adams,DEM,1,459,228,7,0,694
85850,GUILFORD,2014-11-04,G58,1164,S,US HOUSE OF REPRESENTATIVES DISTRICT 12,Alma Adams,DEM,1,376,194,6,0,576
85851,GUILFORD,2014-11-04,G55,1164,S,US HOUSE OF REPRESENTATIVES DISTRICT 12,Alma Adams,DEM,1,531,456,11,0,998
85852,GUILFORD,2014-11-04,G52,1164,S,US HOUSE OF REPRESENTATIVES DISTRICT 12,Alma Adams,DEM,1,502,257,26,0,785
85853,GUILFORD,2014-11-04,H19A,1164,S,US HOUSE OF REPRESENTATIVES DISTRICT 12,Alma Adams,DEM,1,270,249,2,0,521
85854,GUILFORD,2014-11-04,H18,1164,S,US HOUSE OF REPRESENTATIVES DISTRICT 12,Alma Adams,DEM,1,324,304,11,0,639
85855,GUILFORD,2014-11-04,G02,1164,S,US HOUSE OF REPRESENTATIVES DISTRICT 12,Alma Adams,DEM,1,218,80,5,0,303
85856,GUILFORD,2014-11-04,G06,1164,S,US HOUSE OF REPRESENTATIVES DISTRICT 12,Alma Adams,DEM,1,414,344,9,0,767
85857,GUILFORD,2014-11-04,H11,1164,S,US HOUSE OF REPRESENTATIVES DISTRICT 12,Alma Adams,DEM,1,286,334,11,0,631
85858,GUILFORD,2014-11-04,G26,1164,S,US HOUSE OF REPRESENTATIVES DISTRICT 12,Alma Adams,DEM,1,567,443,16,0,1026
85859,GUILFORD,2014-11-04,G47,1164,S,US HOUSE OF REPRESENTATIVES DISTRICT 12,Alma Adams,DEM,1,531,144,7,0,682
85860,GUILFORD,2014-11-04,G46,1164,S,US HOUSE OF REPRESENTATIVES DISTRICT 12,Alma Adams,DEM,1,662,278,16,0,956
85861,GUILFORD,2014-11-04,G61,1164,S,US HOUSE OF REPRESENTATIVES DISTRICT 12,Alma Adams,DEM,1,439,203,12,0,654
85862,GUILFORD,2014-11-04,H09,1164,S,US HOUSE OF REPRESENTATIVES DISTRICT 12,Alma Adams,DEM,1,248,288,6,0,542
85863,GUILFORD,2014-11-04,MON2B,1164,S,US HOUSE OF REPRESENTATIVES DISTRICT 12,Alma Adams,DEM,1,340,224,4,0,568
85864,GUILFORD,2014-11-04,G59,1164,S,US HOUSE OF REPRESENTATIVES DISTRICT 12,Alma Adams,DEM,1,329,174,5,0,508
85865,GUILFORD,2014-11-04,G53,1164,S,US HOUSE OF REPRESENTATIVES DISTRICT 12,Alma Adams,DEM,1,643,564,11,0,1218
85866,GUILFORD,2014-11-04,G56,1164,S,US HOUSE OF REPRESENTATIVES DISTRICT 12,Alma Adams,DEM,1,398,204,2,0,604
85867,GUILFORD,2014-11-04,G09,1164,S,US HOUSE OF REPRESENTATIVES DISTRICT 12,Alma Adams,DEM,1,524,364,5,0,893
85868,GUILFORD,2014-11-04,H12,1164,S,US HOUSE OF REPRESENTATIVES DISTRICT 12,Alma Adams,DEM,1,216,119,8,0,343
85869,GUILFORD,2014-11-04,G75,1164,S,US HOUSE OF REPRESENTATIVES DISTRICT 12,Alma Adams,DEM,1,437,403,16,0,856
85870,GUILFORD,2014-11-04,G70,1164,S,US HOUSE OF REPRESENTATIVES DISTRICT 12,Alma Adams,DEM,1,509,289,7,0,805
85871,GUILFORD,2014-11-04,H07,1164,S,US HOUSE OF REPRESENTATIVES DISTRICT 12,Alma Adams,DEM,1,227,189,5,0,421
85872,GUILFORD,2014-11-04,G68,1164,S,US HOUSE OF REPRESENTATIVES DISTRICT 12,Alma Adams,DEM,1,394,70,0,0,464
85873,GUILFORD,2014-11-04,H19B,1164,S,US HOUSE OF REPRESENTATIVES DISTRICT 12,Alma Adams,DEM,1,104,103,7,0,214
85874,GUILFORD,2014-11-04,H03,1164,S,US HOUSE OF REPRESENTATIVES DISTRICT 12,Alma Adams,DEM,1,209,134,5,0,348
85875,GUILFORD,2014-11-04,H08,1164,S,US HOUSE OF REPRESENTATIVES DISTRICT 12,Alma Adams,DEM,1,188,92,2,0,282
85876,GUILFORD,2014-11-04,H09,1164,S,US HOUSE OF REPRESENTATIVES DISTRICT 12,Vince Coakley,REP,1,9,4,0,0,13
85877,GUILFORD,2014-11-04,G01,1164,S,US HOUSE OF REPRESENTATIVES DISTRICT 12,Vince Coakley,REP,1,38,8,1,0,47
85878,GUILFORD,2014-11-04,G03,1164,S,US HOUSE OF REPRESENTATIVES DISTRICT 12,Vince Coakley,REP,1,23,10,6,0,39
85879,GUILFORD,2014-11-04,G04,1164,S,US HOUSE OF REPRESENTATIVES DISTRICT 12,Vince Coakley,REP,1,31,11,1,0,43
85880,GUILFORD,2014-11-04,H28,1164,S,US HOUSE OF REPRESENTATIVES DISTRICT 12,Vince Coakley,REP,1,413,196,25,0,634
85881,GUILFORD,2014-11-04,H29A,1164,S,US HOUSE OF REPRESENTATIVES DISTRICT 12,Vince Coakley,REP,1,276,101,10,0,387
85882,GUILFORD,2014-11-04,SUM1,1164,S,US HOUSE OF REPRESENTATIVES DISTRICT 12,Vince Coakley,REP,1,219,131,20,0,370
85883,GUILFORD,2014-11-04,G67,1164,S,US HOUSE OF REPRESENTATIVES DISTRICT 12,Vince Coakley,REP,1,4,2,0,0,6
85884,GUILFORD,2014-11-04,H05,1164,S,US HOUSE OF REPRESENTATIVES DISTRICT 12,Vince Coakley,REP,1,62,35,3,0,100
85885,GUILFORD,2014-11-04,G61,1164,S,US HOUSE OF REPRESENTATIVES DISTRICT 12,Vince Coakley,REP,1,98,48,12,0,158
85886,GUILFORD,2014-11-04,G64,1164,S,US HOUSE OF REPRESENTATIVES DISTRICT 12,Vince Coakley,REP,1,71,42,5,0,118
85887,GUILFORD,2014-11-04,G08,1164,S,US HOUSE OF REPRESENTATIVES DISTRICT 12,Vince Coakley,REP,1,118,69,11,0,198
85888,GUILFORD,2014-11-04,G07,1164,S,US HOUSE OF REPRESENTATIVES DISTRICT 12,Vince Coakley,REP,1,116,56,6,0,178
85889,GUILFORD,2014-11-04,G71,1164,S,US HOUSE OF REPRESENTATIVES DISTRICT 12,Vince Coakley,REP,1,12,6,0,0,18
85890,GUILFORD,2014-11-04,G72,1164,S,US HOUSE OF REPRESENTATIVES DISTRICT 12,Vince Coakley,REP,1,26,23,2,0,51
85891,GUILFORD,2014-11-04,H11,1164,S,US HOUSE OF REPRESENTATIVES DISTRICT 12,Vince Coakley,REP,1,37,31,6,0,74
85892,GUILFORD,2014-11-04,H18,1164,S,US HOUSE OF REPRESENTATIVES DISTRICT 12,Vince Coakley,REP,1,114,63,6,0,183
85893,GUILFORD,2014-11-04,MON2A,1164,S,US HOUSE OF REPRESENTATIVES DISTRICT 12,Vince Coakley,REP,1,229,138,17,0,384
85894,GUILFORD,2014-11-04,H10,1164,S,US HOUSE OF REPRESENTATIVES DISTRICT 12,Vince Coakley,REP,1,31,42,0,0,73
85895,GUILFORD,2014-11-04,G05,1164,S,US HOUSE OF REPRESENTATIVES DISTRICT 12,Vince Coakley,REP,1,8,6,0,0,14
85897,GUILFORD,2014-11-04,H17,1164,S,US HOUSE OF REPRESENTATIVES DISTRICT 12,Vince Coakley,REP,1,83,50,8,0,141
85898,GUILFORD,2014-11-04,G10,1164,S,US HOUSE OF REPRESENTATIVES DISTRICT 12,Vince Coakley,REP,1,115,90,7,0,212
85899,GUILFORD,2014-11-04,G56,1164,S,US HOUSE OF REPRESENTATIVES DISTRICT 12,Vince Coakley,REP,1,121,38,3,0,162
85900,GUILFORD,2014-11-04,G59,1164,S,US HOUSE OF REPRESENTATIVES DISTRICT 12,Vince Coakley,REP,1,94,41,3,0,138
85901,GUILFORD,2014-11-04,G69,1164,S,US HOUSE OF REPRESENTATIVES DISTRICT 12,Vince Coakley,REP,1,47,22,3,0,72
85902,GUILFORD,2014-11-04,G43,1164,S,US HOUSE OF REPRESENTATIVES DISTRICT 12,Vince Coakley,REP,1,202,128,13,0,343
85903,GUILFORD,2014-11-04,G60,1164,S,US HOUSE OF REPRESENTATIVES DISTRICT 12,Vince Coakley,REP,1,140,48,8,0,196
85904,GUILFORD,2014-11-04,G49,1164,S,US HOUSE OF REPRESENTATIVES DISTRICT 12,Vince Coakley,REP,1,61,16,3,0,80
85905,GUILFORD,2014-11-04,G50,1164,S,US HOUSE OF REPRESENTATIVES DISTRICT 12,Vince Coakley,REP,1,159,38,2,0,199
85906,GUILFORD,2014-11-04,G53,1164,S,US HOUSE OF REPRESENTATIVES DISTRICT 12,Vince Coakley,REP,1,48,29,5,0,82
85907,GUILFORD,2014-11-04,FEN1,1164,S,US HOUSE OF REPRESENTATIVES DISTRICT 12,Vince Coakley,REP,1,233,241,16,0,490
85908,GUILFORD,2014-11-04,H29B,1164,S,US HOUSE OF REPRESENTATIVES DISTRICT 12,Vince Coakley,REP,1,248,116,15,0,379
85909,GUILFORD,2014-11-04,H19B,1164,S,US HOUSE OF REPRESENTATIVES DISTRICT 12,Vince Coakley,REP,1,152,66,14,0,232
85910,GUILFORD,2014-11-04,G51,1164,S,US HOUSE OF REPRESENTATIVES DISTRICT 12,Vince Coakley,REP,1,168,44,7,0,219
85911,GUILFORD,2014-11-04,G47,1164,S,US HOUSE OF REPRESENTATIVES DISTRICT 12,Vince Coakley,REP,1,135,23,5,0,163
85912,GUILFORD,2014-11-04,G57,1164,S,US HOUSE OF REPRESENTATIVES DISTRICT 12,Vince Coakley,REP,1,88,76,4,0,168
85913,GUILFORD,2014-11-04,G54,1164,S,US HOUSE OF REPRESENTATIVES DISTRICT 12,Vince Coakley,REP,1,71,21,1,0,93
85914,GUILFORD,2014-11-04,G06,1164,S,US HOUSE OF REPRESENTATIVES DISTRICT 12,Vince Coakley,REP,1,15,10,0,0,25
85915,GUILFORD,2014-11-04,H03,1164,S,US HOUSE OF REPRESENTATIVES DISTRICT 12,Vince Coakley,REP,1,86,24,8,0,118
85916,GUILFORD,2014-11-04,G68,1164,S,US HOUSE OF REPRESENTATIVES DISTRICT 12,Vince Coakley,REP,1,6,0,0,0,6
85917,GUILFORD,2014-11-04,G46,1164,S,US HOUSE OF REPRESENTATIVES DISTRICT 12,Vince Coakley,REP,1,22,7,1,0,30
85918,GUILFORD,2014-11-04,JEF3,1164,S,US HOUSE OF REPRESENTATIVES DISTRICT 12,Vince Coakley,REP,1,183,100,7,0,290
85919,GUILFORD,2014-11-04,H12,1164,S,US HOUSE OF REPRESENTATIVES DISTRICT 12,Vince Coakley,REP,1,111,48,6,0,165
85920,GUILFORD,2014-11-04,G75,1164,S,US HOUSE OF REPRESENTATIVES DISTRICT 12,Vince Coakley,REP,1,18,15,8,0,41
85921,GUILFORD,2014-11-04,G70,1164,S,US HOUSE OF REPRESENTATIVES DISTRICT 12,Vince Coakley,REP,1,14,4,1,0,19
85922,GUILFORD,2014-11-04,G37,1164,S,US HOUSE OF REPRESENTATIVES DISTRICT 12,Vince Coakley,REP,1,178,95,8,0,281
85923,GUILFORD,2014-11-04,G02,1164,S,US HOUSE OF REPRESENTATIVES DISTRICT 12,Vince Coakley,REP,1,92,26,5,0,123
85924,GUILFORD,2014-11-04,H07,1164,S,US HOUSE OF REPRESENTATIVES DISTRICT 12,Vince Coakley,REP,1,21,15,5,0,41
85925,GUILFORD,2014-11-04,H08,1164,S,US HOUSE OF REPRESENTATIVES DISTRICT 12,Vince Coakley,REP,1,14,7,2,0,23
85926,GUILFORD,2014-11-04,H19A,1164,S,US HOUSE OF REPRESENTATIVES DISTRICT 12,Vince Coakley,REP,1,38,29,3,0,70
85927,GUILFORD,2014-11-04,H01,1164,S,US HOUSE OF REPRESENTATIVES DISTRICT 12,Vince Coakley,REP,1,138,22,14,0,174
85928,GUILFORD,2014-11-04,G09,1164,S,US HOUSE OF REPRESENTATIVES DISTRICT 12,Vince Coakley,REP,1,83,77,7,0,167
85929,GUILFORD,2014-11-04,MON2B,1164,S,US HOUSE OF REPRESENTATIVES DISTRICT 12,Vince Coakley,REP,1,208,73,8,0,289
85930,GUILFORD,2014-11-04,G26,1164,S,US HOUSE OF REPRESENTATIVES DISTRICT 12,Vince Coakley,REP,1,204,110,20,0,334
85931,GUILFORD,2014-11-04,G73,1164,S,US HOUSE OF REPRESENTATIVES DISTRICT 12,Vince Coakley,REP,1,13,3,1,0,17
85932,GUILFORD,2014-11-04,G74,1164,S,US HOUSE OF REPRESENTATIVES DISTRICT 12,Vince Coakley,REP,1,11,12,1,0,24
85933,GUILFORD,2014-11-04,JAM3,1164,S,US HOUSE OF REPRESENTATIVES DISTRICT 12,Vince Coakley,REP,1,1,0,0,0,1
85934,GUILFORD,2014-11-04,G55,1164,S,US HOUSE OF REPRESENTATIVES DISTRICT 12,Vince Coakley,REP,1,74,70,16,0,160
85935,GUILFORD,2014-11-04,G52,1164,S,US HOUSE OF REPRESENTATIVES DISTRICT 12,Vince Coakley,REP,1,53,24,5,0,82
85936,GUILFORD,2014-11-04,G58,1164,S,US HOUSE OF REPRESENTATIVES DISTRICT 12,Vince Coakley,REP,1,98,27,6,0,131
88824,GUILFORD,2014-11-04,H07,1369,S,US HOUSE OF REPRESENTATIVES DISTRICT 12 (UNEXPIRED TERM),Alma Adams,DEM,1,221,181,5,0,407
88825,GUILFORD,2014-11-04,H08,1369,S,US HOUSE OF REPRESENTATIVES DISTRICT 12 (UNEXPIRED TERM),Alma Adams,DEM,1,184,92,2,0,278
88826,GUILFORD,2014-11-04,H12,1369,S,US HOUSE OF REPRESENTATIVES DISTRICT 12 (UNEXPIRED TERM),Alma Adams,DEM,1,207,117,9,0,333
88827,GUILFORD,2014-11-04,G52,1369,S,US HOUSE OF REPRESENTATIVES DISTRICT 12 (UNEXPIRED TERM),Alma Adams,DEM,1,495,252,25,0,772
88828,GUILFORD,2014-11-04,G55,1369,S,US HOUSE OF REPRESENTATIVES DISTRICT 12 (UNEXPIRED TERM),Alma Adams,DEM,1,525,447,11,0,983
88829,GUILFORD,2014-11-04,G58,1369,S,US HOUSE OF REPRESENTATIVES DISTRICT 12 (UNEXPIRED TERM),Alma Adams,DEM,1,373,189,6,0,568
88830,GUILFORD,2014-11-04,MON2B,1369,S,US HOUSE OF REPRESENTATIVES DISTRICT 12 (UNEXPIRED TERM),Alma Adams,DEM,1,338,218,4,0,560
88831,GUILFORD,2014-11-04,G26,1369,S,US HOUSE OF REPRESENTATIVES DISTRICT 12 (UNEXPIRED TERM),Alma Adams,DEM,1,563,438,16,0,1017
88832,GUILFORD,2014-11-04,G68,1369,S,US HOUSE OF REPRESENTATIVES DISTRICT 12 (UNEXPIRED TERM),Alma Adams,DEM,1,389,68,0,0,457
88833,GUILFORD,2014-11-04,G02,1369,S,US HOUSE OF REPRESENTATIVES DISTRICT 12 (UNEXPIRED TERM),Alma Adams,DEM,1,214,78,5,0,297
88834,GUILFORD,2014-11-04,H19B,1369,S,US HOUSE OF REPRESENTATIVES DISTRICT 12 (UNEXPIRED TERM),Alma Adams,DEM,1,103,99,7,0,209
88835,GUILFORD,2014-11-04,H17,1369,S,US HOUSE OF REPRESENTATIVES DISTRICT 12 (UNEXPIRED TERM),Alma Adams,DEM,1,163,138,4,0,305
88836,GUILFORD,2014-11-04,JAM3,1369,S,US HOUSE OF REPRESENTATIVES DISTRICT 12 (UNEXPIRED TERM),Alma Adams,DEM,1,0,0,0,0,0
88837,GUILFORD,2014-11-04,G74,1369,S,US HOUSE OF REPRESENTATIVES DISTRICT 12 (UNEXPIRED TERM),Alma Adams,DEM,1,536,619,10,0,1165
88838,GUILFORD,2014-11-04,G73,1369,S,US HOUSE OF REPRESENTATIVES DISTRICT 12 (UNEXPIRED TERM),Alma Adams,DEM,1,437,306,13,0,756
88839,GUILFORD,2014-11-04,H10,1369,S,US HOUSE OF REPRESENTATIVES DISTRICT 12 (UNEXPIRED TERM),Alma Adams,DEM,1,347,496,8,0,851
88840,GUILFORD,2014-11-04,H29B,1369,S,US HOUSE OF REPRESENTATIVES DISTRICT 12 (UNEXPIRED TERM),Alma Adams,DEM,1,320,204,15,0,539
88841,GUILFORD,2014-11-04,FEN1,1369,S,US HOUSE OF REPRESENTATIVES DISTRICT 12 (UNEXPIRED TERM),Alma Adams,DEM,1,571,718,14,0,1303
88842,GUILFORD,2014-11-04,G06,1369,S,US HOUSE OF REPRESENTATIVES DISTRICT 12 (UNEXPIRED TERM),Alma Adams,DEM,1,411,345,9,0,765
88843,GUILFORD,2014-11-04,G46,1369,S,US HOUSE OF REPRESENTATIVES DISTRICT 12 (UNEXPIRED TERM),Alma Adams,DEM,1,658,273,16,0,947
88844,GUILFORD,2014-11-04,H01,1369,S,US HOUSE OF REPRESENTATIVES DISTRICT 12 (UNEXPIRED TERM),Alma Adams,DEM,1,237,105,3,0,345
88845,GUILFORD,2014-11-04,G60,1369,S,US HOUSE OF REPRESENTATIVES DISTRICT 12 (UNEXPIRED TERM),Alma Adams,DEM,1,288,160,15,0,463
88846,GUILFORD,2014-11-04,G51,1369,S,US HOUSE OF REPRESENTATIVES DISTRICT 12 (UNEXPIRED TERM),Alma Adams,DEM,1,349,132,12,0,493
88847,GUILFORD,2014-11-04,G47,1369,S,US HOUSE OF REPRESENTATIVES DISTRICT 12 (UNEXPIRED TERM),Alma Adams,DEM,1,523,143,7,0,673
88848,GUILFORD,2014-11-04,G57,1369,S,US HOUSE OF REPRESENTATIVES DISTRICT 12 (UNEXPIRED TERM),Alma Adams,DEM,1,404,325,4,0,733
88849,GUILFORD,2014-11-04,G54,1369,S,US HOUSE OF REPRESENTATIVES DISTRICT 12 (UNEXPIRED TERM),Alma Adams,DEM,1,570,338,5,0,913
88850,GUILFORD,2014-11-04,G69,1369,S,US HOUSE OF REPRESENTATIVES DISTRICT 12 (UNEXPIRED TERM),Alma Adams,DEM,1,568,286,16,0,870
88851,GUILFORD,2014-11-04,MON2A,1369,S,US HOUSE OF REPRESENTATIVES DISTRICT 12 (UNEXPIRED TERM),Alma Adams,DEM,1,529,364,31,0,924
88852,GUILFORD,2014-11-04,G67,1369,S,US HOUSE OF REPRESENTATIVES DISTRICT 12 (UNEXPIRED TERM),Alma Adams,DEM,1,266,89,7,0,362
88853,GUILFORD,2014-11-04,G64,1369,S,US HOUSE OF REPRESENTATIVES DISTRICT 12 (UNEXPIRED TERM),Alma Adams,DEM,1,193,85,10,0,288
88854,GUILFORD,2014-11-04,G61,1369,S,US HOUSE OF REPRESENTATIVES DISTRICT 12 (UNEXPIRED TERM),Alma Adams,DEM,1,437,201,12,0,650
88855,GUILFORD,2014-11-04,G37,1369,S,US HOUSE OF REPRESENTATIVES DISTRICT 12 (UNEXPIRED TERM),Alma Adams,DEM,1,447,225,6,0,678
88856,GUILFORD,2014-11-04,H19A,1369,S,US HOUSE OF REPRESENTATIVES DISTRICT 12 (UNEXPIRED TERM),Alma Adams,DEM,1,263,247,2,0,512
88857,GUILFORD,2014-11-04,H29A,1369,S,US HOUSE OF REPRESENTATIVES DISTRICT 12 (UNEXPIRED TERM),Alma Adams,DEM,1,271,212,10,0,493
88858,GUILFORD,2014-11-04,H03,1369,S,US HOUSE OF REPRESENTATIVES DISTRICT 12 (UNEXPIRED TERM),Alma Adams,DEM,1,210,125,6,0,341
88859,GUILFORD,2014-11-04,G09,1369,S,US HOUSE OF REPRESENTATIVES DISTRICT 12 (UNEXPIRED TERM),Alma Adams,DEM,1,522,360,6,0,888
88860,GUILFORD,2014-11-04,G70,1369,S,US HOUSE OF REPRESENTATIVES DISTRICT 12 (UNEXPIRED TERM),Alma Adams,DEM,1,495,285,7,0,787
88861,GUILFORD,2014-11-04,G75,1369,S,US HOUSE OF REPRESENTATIVES DISTRICT 12 (UNEXPIRED TERM),Alma Adams,DEM,1,438,396,16,0,850
88862,GUILFORD,2014-11-04,H11,1369,S,US HOUSE OF REPRESENTATIVES DISTRICT 12 (UNEXPIRED TERM),Alma Adams,DEM,1,286,329,11,0,626
88863,GUILFORD,2014-11-04,G05,1369,S,US HOUSE OF REPRESENTATIVES DISTRICT 12 (UNEXPIRED TERM),Alma Adams,DEM,1,431,293,2,0,726
88865,GUILFORD,2014-11-04,H18,1369,S,US HOUSE OF REPRESENTATIVES DISTRICT 12 (UNEXPIRED TERM),Alma Adams,DEM,1,317,297,11,0,625
88866,GUILFORD,2014-11-04,G56,1369,S,US HOUSE OF REPRESENTATIVES DISTRICT 12 (UNEXPIRED TERM),Alma Adams,DEM,1,387,197,2,0,586
88867,GUILFORD,2014-11-04,G59,1369,S,US HOUSE OF REPRESENTATIVES DISTRICT 12 (UNEXPIRED TERM),Alma Adams,DEM,1,328,168,5,0,501
88868,GUILFORD,2014-11-04,G10,1369,S,US HOUSE OF REPRESENTATIVES DISTRICT 12 (UNEXPIRED TERM),Alma Adams,DEM,1,555,391,16,0,962
88869,GUILFORD,2014-11-04,H05,1369,S,US HOUSE OF REPRESENTATIVES DISTRICT 12 (UNEXPIRED TERM),Alma Adams,DEM,1,329,284,10,0,623
88870,GUILFORD,2014-11-04,G43,1369,S,US HOUSE OF REPRESENTATIVES DISTRICT 12 (UNEXPIRED TERM),Alma Adams,DEM,1,418,202,7,0,627
88871,GUILFORD,2014-11-04,G49,1369,S,US HOUSE OF REPRESENTATIVES DISTRICT 12 (UNEXPIRED TERM),Alma Adams,DEM,1,232,85,3,0,320
88872,GUILFORD,2014-11-04,G53,1369,S,US HOUSE OF REPRESENTATIVES DISTRICT 12 (UNEXPIRED TERM),Alma Adams,DEM,1,639,566,11,0,1216
88873,GUILFORD,2014-11-04,G50,1369,S,US HOUSE OF REPRESENTATIVES DISTRICT 12 (UNEXPIRED TERM),Alma Adams,DEM,1,518,145,7,0,670
88874,GUILFORD,2014-11-04,H09,1369,S,US HOUSE OF REPRESENTATIVES DISTRICT 12 (UNEXPIRED TERM),Alma Adams,DEM,1,242,280,6,0,528
88875,GUILFORD,2014-11-04,JEF3,1369,S,US HOUSE OF REPRESENTATIVES DISTRICT 12 (UNEXPIRED TERM),Alma Adams,DEM,1,681,939,14,0,1634
88876,GUILFORD,2014-11-04,G01,1369,S,US HOUSE OF REPRESENTATIVES DISTRICT 12 (UNEXPIRED TERM),Alma Adams,DEM,1,289,112,7,0,408
88877,GUILFORD,2014-11-04,G04,1369,S,US HOUSE OF REPRESENTATIVES DISTRICT 12 (UNEXPIRED TERM),Alma Adams,DEM,1,385,281,5,0,671
88878,GUILFORD,2014-11-04,G03,1369,S,US HOUSE OF REPRESENTATIVES DISTRICT 12 (UNEXPIRED TERM),Alma Adams,DEM,1,492,311,8,0,811
88879,GUILFORD,2014-11-04,H28,1369,S,US HOUSE OF REPRESENTATIVES DISTRICT 12 (UNEXPIRED TERM),Alma Adams,DEM,1,400,310,12,0,722
88880,GUILFORD,2014-11-04,G08,1369,S,US HOUSE OF REPRESENTATIVES DISTRICT 12 (UNEXPIRED TERM),Alma Adams,DEM,1,415,331,8,0,754
88881,GUILFORD,2014-11-04,G07,1369,S,US HOUSE OF REPRESENTATIVES DISTRICT 12 (UNEXPIRED TERM),Alma Adams,DEM,1,305,170,17,0,492
88882,GUILFORD,2014-11-04,G71,1369,S,US HOUSE OF REPRESENTATIVES DISTRICT 12 (UNEXPIRED TERM),Alma Adams,DEM,1,492,388,8,0,888
88883,GUILFORD,2014-11-04,G72,1369,S,US HOUSE OF REPRESENTATIVES DISTRICT 12 (UNEXPIRED TERM),Alma Adams,DEM,1,512,403,4,0,919
88884,GUILFORD,2014-11-04,SUM1,1369,S,US HOUSE OF REPRESENTATIVES DISTRICT 12 (UNEXPIRED TERM),Alma Adams,DEM,1,403,262,4,0,669
88885,GUILFORD,2014-11-04,JAM3,1369,S,US HOUSE OF REPRESENTATIVES DISTRICT 12 (UNEXPIRED TERM),Vince Coakley,REP,1,1,0,0,0,1
88886,GUILFORD,2014-11-04,H07,1369,S,US HOUSE OF REPRESENTATIVES DISTRICT 12 (UNEXPIRED TERM),Vince Coakley,REP,1,24,15,5,0,44
88887,GUILFORD,2014-11-04,H08,1369,S,US HOUSE OF REPRESENTATIVES DISTRICT 12 (UNEXPIRED TERM),Vince Coakley,REP,1,11,7,2,0,20
88888,GUILFORD,2014-11-04,G47,1369,S,US HOUSE OF REPRESENTATIVES DISTRICT 12 (UNEXPIRED TERM),Vince Coakley,REP,1,135,23,5,0,163
88889,GUILFORD,2014-11-04,G46,1369,S,US HOUSE OF REPRESENTATIVES DISTRICT 12 (UNEXPIRED TERM),Vince Coakley,REP,1,19,10,1,0,30
88890,GUILFORD,2014-11-04,G26,1369,S,US HOUSE OF REPRESENTATIVES DISTRICT 12 (UNEXPIRED TERM),Vince Coakley,REP,1,196,110,20,0,326
88891,GUILFORD,2014-11-04,H29B,1369,S,US HOUSE OF REPRESENTATIVES DISTRICT 12 (UNEXPIRED TERM),Vince Coakley,REP,1,244,114,14,0,372
88892,GUILFORD,2014-11-04,G06,1369,S,US HOUSE OF REPRESENTATIVES DISTRICT 12 (UNEXPIRED TERM),Vince Coakley,REP,1,15,10,0,0,25
88893,GUILFORD,2014-11-04,G58,1369,S,US HOUSE OF REPRESENTATIVES DISTRICT 12 (UNEXPIRED TERM),Vince Coakley,REP,1,92,29,6,0,127
88894,GUILFORD,2014-11-04,G55,1369,S,US HOUSE OF REPRESENTATIVES DISTRICT 12 (UNEXPIRED TERM),Vince Coakley,REP,1,77,71,16,0,164
88895,GUILFORD,2014-11-04,H12,1369,S,US HOUSE OF REPRESENTATIVES DISTRICT 12 (UNEXPIRED TERM),Vince Coakley,REP,1,109,46,5,0,160
88896,GUILFORD,2014-11-04,H19B,1369,S,US HOUSE OF REPRESENTATIVES DISTRICT 12 (UNEXPIRED TERM),Vince Coakley,REP,1,142,65,14,0,221
88897,GUILFORD,2014-11-04,G68,1369,S,US HOUSE OF REPRESENTATIVES DISTRICT 12 (UNEXPIRED TERM),Vince Coakley,REP,1,8,1,0,0,9
88898,GUILFORD,2014-11-04,MON2B,1369,S,US HOUSE OF REPRESENTATIVES DISTRICT 12 (UNEXPIRED TERM),Vince Coakley,REP,1,203,70,8,0,281
88899,GUILFORD,2014-11-04,MON2A,1369,S,US HOUSE OF REPRESENTATIVES DISTRICT 12 (UNEXPIRED TERM),Vince Coakley,REP,1,224,133,16,0,373
88900,GUILFORD,2014-11-04,G01,1369,S,US HOUSE OF REPRESENTATIVES DISTRICT 12 (UNEXPIRED TERM),Vince Coakley,REP,1,34,8,1,0,43
88901,GUILFORD,2014-11-04,G04,1369,S,US HOUSE OF REPRESENTATIVES DISTRICT 12 (UNEXPIRED TERM),Vince Coakley,REP,1,34,12,1,0,47
88902,GUILFORD,2014-11-04,G69,1369,S,US HOUSE OF REPRESENTATIVES DISTRICT 12 (UNEXPIRED TERM),Vince Coakley,REP,1,52,25,4,0,81
88903,GUILFORD,2014-11-04,G57,1369,S,US HOUSE OF REPRESENTATIVES DISTRICT 12 (UNEXPIRED TERM),Vince Coakley,REP,1,92,75,4,0,171
88904,GUILFORD,2014-11-04,G51,1369,S,US HOUSE OF REPRESENTATIVES DISTRICT 12 (UNEXPIRED TERM),Vince Coakley,REP,1,161,44,7,0,212
88905,GUILFORD,2014-11-04,G54,1369,S,US HOUSE OF REPRESENTATIVES DISTRICT 12 (UNEXPIRED TERM),Vince Coakley,REP,1,64,22,1,0,87
88906,GUILFORD,2014-11-04,H01,1369,S,US HOUSE OF REPRESENTATIVES DISTRICT 12 (UNEXPIRED TERM),Vince Coakley,REP,1,131,24,15,0,170
88907,GUILFORD,2014-11-04,G60,1369,S,US HOUSE OF REPRESENTATIVES DISTRICT 12 (UNEXPIRED TERM),Vince Coakley,REP,1,132,49,9,0,190
88908,GUILFORD,2014-11-04,G03,1369,S,US HOUSE OF REPRESENTATIVES DISTRICT 12 (UNEXPIRED TERM),Vince Coakley,REP,1,27,10,6,0,43
88909,GUILFORD,2014-11-04,G08,1369,S,US HOUSE OF REPRESENTATIVES DISTRICT 12 (UNEXPIRED TERM),Vince Coakley,REP,1,118,69,12,0,199
88910,GUILFORD,2014-11-04,G07,1369,S,US HOUSE OF REPRESENTATIVES DISTRICT 12 (UNEXPIRED TERM),Vince Coakley,REP,1,127,55,7,0,189
88911,GUILFORD,2014-11-04,H17,1369,S,US HOUSE OF REPRESENTATIVES DISTRICT 12 (UNEXPIRED TERM),Vince Coakley,REP,1,82,44,8,0,134
88912,GUILFORD,2014-11-04,G43,1369,S,US HOUSE OF REPRESENTATIVES DISTRICT 12 (UNEXPIRED TERM),Vince Coakley,REP,1,207,124,13,0,344
88913,GUILFORD,2014-11-04,G49,1369,S,US HOUSE OF REPRESENTATIVES DISTRICT 12 (UNEXPIRED TERM),Vince Coakley,REP,1,63,16,3,0,82
88914,GUILFORD,2014-11-04,G73,1369,S,US HOUSE OF REPRESENTATIVES DISTRICT 12 (UNEXPIRED TERM),Vince Coakley,REP,1,8,8,1,0,17
88915,GUILFORD,2014-11-04,G74,1369,S,US HOUSE OF REPRESENTATIVES DISTRICT 12 (UNEXPIRED TERM),Vince Coakley,REP,1,17,14,1,0,32
88916,GUILFORD,2014-11-04,H10,1369,S,US HOUSE OF REPRESENTATIVES DISTRICT 12 (UNEXPIRED TERM),Vince Coakley,REP,1,32,43,0,0,75
88917,GUILFORD,2014-11-04,FEN1,1369,S,US HOUSE OF REPRESENTATIVES DISTRICT 12 (UNEXPIRED TERM),Vince Coakley,REP,1,227,239,17,0,483
88918,GUILFORD,2014-11-04,H28,1369,S,US HOUSE OF REPRESENTATIVES DISTRICT 12 (UNEXPIRED TERM),Vince Coakley,REP,1,401,196,25,0,622
88919,GUILFORD,2014-11-04,H18,1369,S,US HOUSE OF REPRESENTATIVES DISTRICT 12 (UNEXPIRED TERM),Vince Coakley,REP,1,116,65,6,0,187
88921,GUILFORD,2014-11-04,G75,1369,S,US HOUSE OF REPRESENTATIVES DISTRICT 12 (UNEXPIRED TERM),Vince Coakley,REP,1,17,16,7,0,40
88922,GUILFORD,2014-11-04,G70,1369,S,US HOUSE OF REPRESENTATIVES DISTRICT 12 (UNEXPIRED TERM),Vince Coakley,REP,1,23,6,1,0,30
88923,GUILFORD,2014-11-04,H19A,1369,S,US HOUSE OF REPRESENTATIVES DISTRICT 12 (UNEXPIRED TERM),Vince Coakley,REP,1,43,27,3,0,73
88924,GUILFORD,2014-11-04,G64,1369,S,US HOUSE OF REPRESENTATIVES DISTRICT 12 (UNEXPIRED TERM),Vince Coakley,REP,1,74,44,5,0,123
88925,GUILFORD,2014-11-04,G67,1369,S,US HOUSE OF REPRESENTATIVES DISTRICT 12 (UNEXPIRED TERM),Vince Coakley,REP,1,5,1,0,0,6
88926,GUILFORD,2014-11-04,G61,1369,S,US HOUSE OF REPRESENTATIVES DISTRICT 12 (UNEXPIRED TERM),Vince Coakley,REP,1,99,48,12,0,159
88927,GUILFORD,2014-11-04,G52,1369,S,US HOUSE OF REPRESENTATIVES DISTRICT 12 (UNEXPIRED TERM),Vince Coakley,REP,1,56,24,6,0,86
88928,GUILFORD,2014-11-04,G02,1369,S,US HOUSE OF REPRESENTATIVES DISTRICT 12 (UNEXPIRED TERM),Vince Coakley,REP,1,94,26,4,0,124
88929,GUILFORD,2014-11-04,H03,1369,S,US HOUSE OF REPRESENTATIVES DISTRICT 12 (UNEXPIRED TERM),Vince Coakley,REP,1,80,24,7,0,111
88930,GUILFORD,2014-11-04,G37,1369,S,US HOUSE OF REPRESENTATIVES DISTRICT 12 (UNEXPIRED TERM),Vince Coakley,REP,1,178,87,8,0,273
88931,GUILFORD,2014-11-04,H09,1369,S,US HOUSE OF REPRESENTATIVES DISTRICT 12 (UNEXPIRED TERM),Vince Coakley,REP,1,11,6,0,0,17
88932,GUILFORD,2014-11-04,H11,1369,S,US HOUSE OF REPRESENTATIVES DISTRICT 12 (UNEXPIRED TERM),Vince Coakley,REP,1,36,27,6,0,69
88933,GUILFORD,2014-11-04,H29A,1369,S,US HOUSE OF REPRESENTATIVES DISTRICT 12 (UNEXPIRED TERM),Vince Coakley,REP,1,268,100,10,0,378
88934,GUILFORD,2014-11-04,JEF3,1369,S,US HOUSE OF REPRESENTATIVES DISTRICT 12 (UNEXPIRED TERM),Vince Coakley,REP,1,179,90,6,0,275
88935,GUILFORD,2014-11-04,G05,1369,S,US HOUSE OF REPRESENTATIVES DISTRICT 12 (UNEXPIRED TERM),Vince Coakley,REP,1,12,6,0,0,18
88936,GUILFORD,2014-11-04,G72,1369,S,US HOUSE OF REPRESENTATIVES DISTRICT 12 (UNEXPIRED TERM),Vince Coakley,REP,1,23,21,2,0,46
88937,GUILFORD,2014-11-04,G50,1369,S,US HOUSE OF REPRESENTATIVES DISTRICT 12 (UNEXPIRED TERM),Vince Coakley,REP,1,161,38,2,0,201
88938,GUILFORD,2014-11-04,G53,1369,S,US HOUSE OF REPRESENTATIVES DISTRICT 12 (UNEXPIRED TERM),Vince Coakley,REP,1,52,25,5,0,82
88939,GUILFORD,2014-11-04,G56,1369,S,US HOUSE OF REPRESENTATIVES DISTRICT 12 (UNEXPIRED TERM),Vince Coakley,REP,1,118,38,3,0,159
88940,GUILFORD,2014-11-04,G09,1369,S,US HOUSE OF REPRESENTATIVES DISTRICT 12 (UNEXPIRED TERM),Vince Coakley,REP,1,82,76,7,0,165
88941,GUILFORD,2014-11-04,G59,1369,S,US HOUSE OF REPRESENTATIVES DISTRICT 12 (UNEXPIRED TERM),Vince Coakley,REP,1,91,42,3,0,136
88942,GUILFORD,2014-11-04,H05,1369,S,US HOUSE OF REPRESENTATIVES DISTRICT 12 (UNEXPIRED TERM),Vince Coakley,REP,1,60,34,3,0,97
88943,GUILFORD,2014-11-04,G10,1369,S,US HOUSE OF REPRESENTATIVES DISTRICT 12 (UNEXPIRED TERM),Vince Coakley,REP,1,113,89,7,0,209
88944,GUILFORD,2014-11-04,G71,1369,S,US HOUSE OF REPRESENTATIVES DISTRICT 12 (UNEXPIRED TERM),Vince Coakley,REP,1,14,7,0,0,21
88945,GUILFORD,2014-11-04,SUM1,1369,S,US HOUSE OF REPRESENTATIVES DISTRICT 12 (UNEXPIRED TERM),Vince Coakley,REP,1,214,127,21,0,362
127434,MECKLENBURG,2014-11-04,41,1164,S,US HOUSE OF REPRESENTATIVES DISTRICT 12,Alma Adams,DEM,1,475,263,0,0,738
127435,MECKLENBURG,2014-11-04,78.1,1164,S,US HOUSE OF REPRESENTATIVES DISTRICT 12,Alma Adams,DEM,1,284,114,0,0,398
127437,MECKLENBURG,2014-11-04,222,1164,S,US HOUSE OF REPRESENTATIVES DISTRICT 12,Alma Adams,DEM,1,995,677,0,0,1672
127438,MECKLENBURG,2014-11-04,212,1164,S,US HOUSE OF REPRESENTATIVES DISTRICT 12,Alma Adams,DEM,1,1416,960,0,0,2376
127439,MECKLENBURG,2014-11-04,130,1164,S,US HOUSE OF REPRESENTATIVES DISTRICT 12,Alma Adams,DEM,1,259,155,0,0,414
127440,MECKLENBURG,2014-11-04,82,1164,S,US HOUSE OF REPRESENTATIVES DISTRICT 12,Alma Adams,DEM,1,617,362,0,0,979
127441,MECKLENBURG,2014-11-04,62,1164,S,US HOUSE OF REPRESENTATIVES DISTRICT 12,Alma Adams,DEM,1,320,208,0,0,528
127442,MECKLENBURG,2014-11-04,31,1164,S,US HOUSE OF REPRESENTATIVES DISTRICT 12,Alma Adams,DEM,1,428,374,0,0,802
127443,MECKLENBURG,2014-11-04,12,1164,S,US HOUSE OF REPRESENTATIVES DISTRICT 12,Alma Adams,DEM,1,389,276,0,0,665
127444,MECKLENBURG,2014-11-04,97,1164,S,US HOUSE OF REPRESENTATIVES DISTRICT 12,Alma Adams,DEM,1,282,102,0,0,384
127445,MECKLENBURG,2014-11-04,125,1164,S,US HOUSE OF REPRESENTATIVES DISTRICT 12,Alma Adams,DEM,1,243,127,0,0,370
127447,MECKLENBURG,2014-11-04,141,1164,S,US HOUSE OF REPRESENTATIVES DISTRICT 12,Alma Adams,DEM,1,355,95,0,0,450
127448,MECKLENBURG,2014-11-04,146,1164,S,US HOUSE OF REPRESENTATIVES DISTRICT 12,Alma Adams,DEM,1,647,479,0,0,1126
127449,MECKLENBURG,2014-11-04,33,1164,S,US HOUSE OF REPRESENTATIVES DISTRICT 12,Alma Adams,DEM,1,325,155,0,0,480
127450,MECKLENBURG,2014-11-04,39,1164,S,US HOUSE OF REPRESENTATIVES DISTRICT 12,Alma Adams,DEM,1,355,299,0,0,654
127451,MECKLENBURG,2014-11-04,53,1164,S,US HOUSE OF REPRESENTATIVES DISTRICT 12,Alma Adams,DEM,1,583,367,0,0,950
127452,MECKLENBURG,2014-11-04,54,1164,S,US HOUSE OF REPRESENTATIVES DISTRICT 12,Alma Adams,DEM,1,623,373,0,0,996
127453,MECKLENBURG,2014-11-04,17,1164,S,US HOUSE OF REPRESENTATIVES DISTRICT 12,Alma Adams,DEM,1,402,149,0,0,551
127454,MECKLENBURG,2014-11-04,6,1164,S,US HOUSE OF REPRESENTATIVES DISTRICT 12,Alma Adams,DEM,1,407,227,0,0,634
127455,MECKLENBURG,2014-11-04,105,1164,S,US HOUSE OF REPRESENTATIVES DISTRICT 12,Alma Adams,DEM,1,590,280,0,0,870
127456,MECKLENBURG,2014-11-04,104,1164,S,US HOUSE OF REPRESENTATIVES DISTRICT 12,Alma Adams,DEM,1,673,444,0,0,1117
127457,MECKLENBURG,2014-11-04,132,1164,S,US HOUSE OF REPRESENTATIVES DISTRICT 12,Alma Adams,DEM,1,365,166,0,0,531
127458,MECKLENBURG,2014-11-04,56,1164,S,US HOUSE OF REPRESENTATIVES DISTRICT 12,Alma Adams,DEM,1,336,129,0,0,465
127459,MECKLENBURG,2014-11-04,108,1164,S,US HOUSE OF REPRESENTATIVES DISTRICT 12,Alma Adams,DEM,1,404,282,0,0,686
127460,MECKLENBURG,2014-11-04,213,1164,S,US HOUSE OF REPRESENTATIVES DISTRICT 12,Alma Adams,DEM,1,732,588,0,0,1320
127461,MECKLENBURG,2014-11-04,14,1164,S,US HOUSE OF REPRESENTATIVES DISTRICT 12,Alma Adams,DEM,1,515,301,0,0,816
127462,MECKLENBURG,2014-11-04,11,1164,S,US HOUSE OF REPRESENTATIVES DISTRICT 12,Alma Adams,DEM,1,771,522,0,0,1293
127463,MECKLENBURG,2014-11-04,98,1164,S,US HOUSE OF REPRESENTATIVES DISTRICT 12,Alma Adams,DEM,1,455,209,0,0,664
127464,MECKLENBURG,2014-11-04,42,1164,S,US HOUSE OF REPRESENTATIVES DISTRICT 12,Alma Adams,DEM,1,528,496,0,0,1024
127465,MECKLENBURG,2014-11-04,25,1164,S,US HOUSE OF REPRESENTATIVES DISTRICT 12,Alma Adams,DEM,1,493,342,0,0,835
127466,MECKLENBURG,2014-11-04,28,1164,S,US HOUSE OF REPRESENTATIVES DISTRICT 12,Alma Adams,DEM,1,375,183,0,0,558
127467,MECKLENBURG,2014-11-04,22,1164,S,US HOUSE OF REPRESENTATIVES DISTRICT 12,Alma Adams,DEM,1,692,367,0,0,1059
127468,MECKLENBURG,2014-11-04,203,1164,S,US HOUSE OF REPRESENTATIVES DISTRICT 12,Alma Adams,DEM,1,899,509,0,0,1408
127469,MECKLENBURG,2014-11-04,210,1164,S,US HOUSE OF REPRESENTATIVES DISTRICT 12,Alma Adams,DEM,1,1082,1080,0,0,2162
127470,MECKLENBURG,2014-11-04,211,1164,S,US HOUSE OF REPRESENTATIVES DISTRICT 12,Alma Adams,DEM,1,1189,906,0,0,2095
127471,MECKLENBURG,2014-11-04,2,1164,S,US HOUSE OF REPRESENTATIVES DISTRICT 12,Alma Adams,DEM,1,1,0,0,0,1
127472,MECKLENBURG,2014-11-04,3,1164,S,US HOUSE OF REPRESENTATIVES DISTRICT 12,Alma Adams,DEM,1,444,279,0,0,723
127473,MECKLENBURG,2014-11-04,77,1164,S,US HOUSE OF REPRESENTATIVES DISTRICT 12,Alma Adams,DEM,1,526,280,0,0,806
127474,MECKLENBURG,2014-11-04,117,1164,S,US HOUSE OF REPRESENTATIVES DISTRICT 12,Alma Adams,DEM,1,292,252,0,0,544
127475,MECKLENBURG,2014-11-04,30,1164,S,US HOUSE OF REPRESENTATIVES DISTRICT 12,Alma Adams,DEM,1,510,249,0,0,759
127476,MECKLENBURG,2014-11-04,79,1164,S,US HOUSE OF REPRESENTATIVES DISTRICT 12,Alma Adams,DEM,1,291,166,0,0,457
127477,MECKLENBURG,2014-11-04,99,1164,S,US HOUSE OF REPRESENTATIVES DISTRICT 12,Alma Adams,DEM,1,257,179,0,0,436
127478,MECKLENBURG,2014-11-04,116,1164,S,US HOUSE OF REPRESENTATIVES DISTRICT 12,Alma Adams,DEM,1,303,202,0,0,505
127479,MECKLENBURG,2014-11-04,147,1164,S,US HOUSE OF REPRESENTATIVES DISTRICT 12,Alma Adams,DEM,1,563,381,0,0,944
127480,MECKLENBURG,2014-11-04,123,1164,S,US HOUSE OF REPRESENTATIVES DISTRICT 12,Alma Adams,DEM,1,485,317,0,0,802
127482,MECKLENBURG,2014-11-04,45,1164,S,US HOUSE OF REPRESENTATIVES DISTRICT 12,Alma Adams,DEM,1,304,148,0,0,452
127483,MECKLENBURG,2014-11-04,24,1164,S,US HOUSE OF REPRESENTATIVES DISTRICT 12,Alma Adams,DEM,1,390,322,0,0,712
127484,MECKLENBURG,2014-11-04,27,1164,S,US HOUSE OF REPRESENTATIVES DISTRICT 12,Alma Adams,DEM,1,419,298,0,0,717
127485,MECKLENBURG,2014-11-04,138,1164,S,US HOUSE OF REPRESENTATIVES DISTRICT 12,Alma Adams,DEM,1,454,248,0,0,702
127486,MECKLENBURG,2014-11-04,205,1164,S,US HOUSE OF REPRESENTATIVES DISTRICT 12,Alma Adams,DEM,1,485,303,0,0,788
127487,MECKLENBURG,2014-11-04,40,1164,S,US HOUSE OF REPRESENTATIVES DISTRICT 12,Alma Adams,DEM,1,480,231,0,0,711
127488,MECKLENBURG,2014-11-04,61,1164,S,US HOUSE OF REPRESENTATIVES DISTRICT 12,Alma Adams,DEM,1,391,213,0,0,604
127489,MECKLENBURG,2014-11-04,81,1164,S,US HOUSE OF REPRESENTATIVES DISTRICT 12,Alma Adams,DEM,1,640,568,0,0,1208
127490,MECKLENBURG,2014-11-04,135,1164,S,US HOUSE OF REPRESENTATIVES DISTRICT 12,Alma Adams,DEM,1,1147,738,0,0,1885
127491,MECKLENBURG,2014-11-04,151,1164,S,US HOUSE OF REPRESENTATIVES DISTRICT 12,Alma Adams,DEM,1,681,385,0,0,1066
127492,MECKLENBURG,2014-11-04,204.1,1164,S,US HOUSE OF REPRESENTATIVES DISTRICT 12,Alma Adams,DEM,1,1032,560,0,0,1592
127493,MECKLENBURG,2014-11-04,84,1164,S,US HOUSE OF REPRESENTATIVES DISTRICT 12,Alma Adams,DEM,1,387,235,0,0,622
127494,MECKLENBURG,2014-11-04,5,1164,S,US HOUSE OF REPRESENTATIVES DISTRICT 12,Alma Adams,DEM,1,241,135,0,0,376
127495,MECKLENBURG,2014-11-04,4,1164,S,US HOUSE OF REPRESENTATIVES DISTRICT 12,Alma Adams,DEM,1,411,230,0,0,641
127496,MECKLENBURG,2014-11-04,52,1164,S,US HOUSE OF REPRESENTATIVES DISTRICT 12,Alma Adams,DEM,1,493,458,0,0,951
127497,MECKLENBURG,2014-11-04,55,1164,S,US HOUSE OF REPRESENTATIVES DISTRICT 12,Alma Adams,DEM,1,308,290,0,0,598
127498,MECKLENBURG,2014-11-04,60,1164,S,US HOUSE OF REPRESENTATIVES DISTRICT 12,Alma Adams,DEM,1,460,367,0,0,827
127499,MECKLENBURG,2014-11-04,120,1164,S,US HOUSE OF REPRESENTATIVES DISTRICT 12,Alma Adams,DEM,1,362,157,0,0,519
127500,MECKLENBURG,2014-11-04,107.1,1164,S,US HOUSE OF REPRESENTATIVES DISTRICT 12,Alma Adams,DEM,1,671,405,0,0,1076
127501,MECKLENBURG,2014-11-04,26,1164,S,US HOUSE OF REPRESENTATIVES DISTRICT 12,Alma Adams,DEM,1,730,469,0,0,1199
127502,MECKLENBURG,2014-11-04,29,1164,S,US HOUSE OF REPRESENTATIVES DISTRICT 12,Alma Adams,DEM,1,367,174,0,0,541
127503,MECKLENBURG,2014-11-04,43,1164,S,US HOUSE OF REPRESENTATIVES DISTRICT 12,Alma Adams,DEM,1,496,357,0,0,853
127504,MECKLENBURG,2014-11-04,46,1164,S,US HOUSE OF REPRESENTATIVES DISTRICT 12,Alma Adams,DEM,1,454,245,0,0,699
127505,MECKLENBURG,2014-11-04,13,1164,S,US HOUSE OF REPRESENTATIVES DISTRICT 12,Alma Adams,DEM,1,413,274,0,0,687
127506,MECKLENBURG,2014-11-04,16,1164,S,US HOUSE OF REPRESENTATIVES DISTRICT 12,Alma Adams,DEM,1,694,653,0,0,1347
127507,MECKLENBURG,2014-11-04,124,1164,S,US HOUSE OF REPRESENTATIVES DISTRICT 12,Alma Adams,DEM,1,470,332,0,0,802
127508,MECKLENBURG,2014-11-04,126,1164,S,US HOUSE OF REPRESENTATIVES DISTRICT 12,Alma Adams,DEM,1,584,372,0,0,956
127509,MECKLENBURG,2014-11-04,149,1164,S,US HOUSE OF REPRESENTATIVES DISTRICT 12,Alma Adams,DEM,1,858,604,0,0,1462
127510,MECKLENBURG,2014-11-04,63,1164,S,US HOUSE OF REPRESENTATIVES DISTRICT 12,Alma Adams,DEM,1,338,225,0,0,563
127511,MECKLENBURG,2014-11-04,23,1164,S,US HOUSE OF REPRESENTATIVES DISTRICT 12,Alma Adams,DEM,1,290,203,0,0,493
127512,MECKLENBURG,2014-11-04,237,1164,S,US HOUSE OF REPRESENTATIVES DISTRICT 12,Alma Adams,DEM,1,654,306,0,0,960
127513,MECKLENBURG,2014-11-04,141,1164,S,US HOUSE OF REPRESENTATIVES DISTRICT 12,Vince Coakley,REP,1,128,18,0,0,146
127514,MECKLENBURG,2014-11-04,82,1164,S,US HOUSE OF REPRESENTATIVES DISTRICT 12,Vince Coakley,REP,1,35,24,0,0,59
127515,MECKLENBURG,2014-11-04,62,1164,S,US HOUSE OF REPRESENTATIVES DISTRICT 12,Vince Coakley,REP,1,130,41,0,0,171
127516,MECKLENBURG,2014-11-04,6,1164,S,US HOUSE OF REPRESENTATIVES DISTRICT 12,Vince Coakley,REP,1,99,33,0,0,132
127517,MECKLENBURG,2014-11-04,14,1164,S,US HOUSE OF REPRESENTATIVES DISTRICT 12,Vince Coakley,REP,1,60,21,0,0,81
127518,MECKLENBURG,2014-11-04,11,1164,S,US HOUSE OF REPRESENTATIVES DISTRICT 12,Vince Coakley,REP,1,510,251,0,0,761
127519,MECKLENBURG,2014-11-04,132,1164,S,US HOUSE OF REPRESENTATIVES DISTRICT 12,Vince Coakley,REP,1,199,52,0,0,251
127522,MECKLENBURG,2014-11-04,28,1164,S,US HOUSE OF REPRESENTATIVES DISTRICT 12,Vince Coakley,REP,1,107,20,0,0,127
127523,MECKLENBURG,2014-11-04,22,1164,S,US HOUSE OF REPRESENTATIVES DISTRICT 12,Vince Coakley,REP,1,362,90,0,0,452
127524,MECKLENBURG,2014-11-04,25,1164,S,US HOUSE OF REPRESENTATIVES DISTRICT 12,Vince Coakley,REP,1,14,25,0,0,39
127525,MECKLENBURG,2014-11-04,56,1164,S,US HOUSE OF REPRESENTATIVES DISTRICT 12,Vince Coakley,REP,1,19,10,0,0,29
127526,MECKLENBURG,2014-11-04,54,1164,S,US HOUSE OF REPRESENTATIVES DISTRICT 12,Vince Coakley,REP,1,46,22,0,0,68
127527,MECKLENBURG,2014-11-04,42,1164,S,US HOUSE OF REPRESENTATIVES DISTRICT 12,Vince Coakley,REP,1,47,33,0,0,80
127528,MECKLENBURG,2014-11-04,33,1164,S,US HOUSE OF REPRESENTATIVES DISTRICT 12,Vince Coakley,REP,1,175,39,0,0,214
127529,MECKLENBURG,2014-11-04,39,1164,S,US HOUSE OF REPRESENTATIVES DISTRICT 12,Vince Coakley,REP,1,22,25,0,0,47
127530,MECKLENBURG,2014-11-04,78.1,1164,S,US HOUSE OF REPRESENTATIVES DISTRICT 12,Vince Coakley,REP,1,132,35,0,0,167
127531,MECKLENBURG,2014-11-04,125,1164,S,US HOUSE OF REPRESENTATIVES DISTRICT 12,Vince Coakley,REP,1,116,30,0,0,146
127532,MECKLENBURG,2014-11-04,211,1164,S,US HOUSE OF REPRESENTATIVES DISTRICT 12,Vince Coakley,REP,1,551,280,0,0,831
127533,MECKLENBURG,2014-11-04,210,1164,S,US HOUSE OF REPRESENTATIVES DISTRICT 12,Vince Coakley,REP,1,170,117,0,0,287
127534,MECKLENBURG,2014-11-04,146,1164,S,US HOUSE OF REPRESENTATIVES DISTRICT 12,Vince Coakley,REP,1,218,70,0,0,288
127535,MECKLENBURG,2014-11-04,213,1164,S,US HOUSE OF REPRESENTATIVES DISTRICT 12,Vince Coakley,REP,1,144,71,0,0,215
127536,MECKLENBURG,2014-11-04,84,1164,S,US HOUSE OF REPRESENTATIVES DISTRICT 12,Vince Coakley,REP,1,139,37,0,0,176
127537,MECKLENBURG,2014-11-04,63,1164,S,US HOUSE OF REPRESENTATIVES DISTRICT 12,Vince Coakley,REP,1,128,47,0,0,175
127538,MECKLENBURG,2014-11-04,53,1164,S,US HOUSE OF REPRESENTATIVES DISTRICT 12,Vince Coakley,REP,1,91,29,0,0,120
127539,MECKLENBURG,2014-11-04,29,1164,S,US HOUSE OF REPRESENTATIVES DISTRICT 12,Vince Coakley,REP,1,156,48,0,0,204
127540,MECKLENBURG,2014-11-04,26,1164,S,US HOUSE OF REPRESENTATIVES DISTRICT 12,Vince Coakley,REP,1,160,42,0,0,202
127541,MECKLENBURG,2014-11-04,23,1164,S,US HOUSE OF REPRESENTATIVES DISTRICT 12,Vince Coakley,REP,1,41,21,0,0,62
127542,MECKLENBURG,2014-11-04,17,1164,S,US HOUSE OF REPRESENTATIVES DISTRICT 12,Vince Coakley,REP,1,52,17,0,0,69
127543,MECKLENBURG,2014-11-04,130,1164,S,US HOUSE OF REPRESENTATIVES DISTRICT 12,Vince Coakley,REP,1,132,60,0,0,192
127544,MECKLENBURG,2014-11-04,97,1164,S,US HOUSE OF REPRESENTATIVES DISTRICT 12,Vince Coakley,REP,1,114,22,0,0,136
127545,MECKLENBURG,2014-11-04,41,1164,S,US HOUSE OF REPRESENTATIVES DISTRICT 12,Vince Coakley,REP,1,77,31,0,0,108
127546,MECKLENBURG,2014-11-04,31,1164,S,US HOUSE OF REPRESENTATIVES DISTRICT 12,Vince Coakley,REP,1,23,18,0,0,41
127547,MECKLENBURG,2014-11-04,212,1164,S,US HOUSE OF REPRESENTATIVES DISTRICT 12,Vince Coakley,REP,1,541,172,0,0,713
127548,MECKLENBURG,2014-11-04,222,1164,S,US HOUSE OF REPRESENTATIVES DISTRICT 12,Vince Coakley,REP,1,463,189,0,0,652
127549,MECKLENBURG,2014-11-04,205,1164,S,US HOUSE OF REPRESENTATIVES DISTRICT 12,Vince Coakley,REP,1,415,149,0,0,564
127550,MECKLENBURG,2014-11-04,149,1164,S,US HOUSE OF REPRESENTATIVES DISTRICT 12,Vince Coakley,REP,1,264,90,0,0,354
127551,MECKLENBURG,2014-11-04,126,1164,S,US HOUSE OF REPRESENTATIVES DISTRICT 12,Vince Coakley,REP,1,167,50,0,0,217
127552,MECKLENBURG,2014-11-04,120,1164,S,US HOUSE OF REPRESENTATIVES DISTRICT 12,Vince Coakley,REP,1,87,25,0,0,112
127553,MECKLENBURG,2014-11-04,24,1164,S,US HOUSE OF REPRESENTATIVES DISTRICT 12,Vince Coakley,REP,1,87,49,0,0,136
127554,MECKLENBURG,2014-11-04,5,1164,S,US HOUSE OF REPRESENTATIVES DISTRICT 12,Vince Coakley,REP,1,99,24,0,0,123
127555,MECKLENBURG,2014-11-04,4,1164,S,US HOUSE OF REPRESENTATIVES DISTRICT 12,Vince Coakley,REP,1,216,55,0,0,271
127556,MECKLENBURG,2014-11-04,55,1164,S,US HOUSE OF REPRESENTATIVES DISTRICT 12,Vince Coakley,REP,1,20,20,0,0,40
127557,MECKLENBURG,2014-11-04,52,1164,S,US HOUSE OF REPRESENTATIVES DISTRICT 12,Vince Coakley,REP,1,48,37,0,0,85
127558,MECKLENBURG,2014-11-04,99,1164,S,US HOUSE OF REPRESENTATIVES DISTRICT 12,Vince Coakley,REP,1,52,25,0,0,77
127559,MECKLENBURG,2014-11-04,79,1164,S,US HOUSE OF REPRESENTATIVES DISTRICT 12,Vince Coakley,REP,1,236,50,0,0,286
127560,MECKLENBURG,2014-11-04,12,1164,S,US HOUSE OF REPRESENTATIVES DISTRICT 12,Vince Coakley,REP,1,51,30,0,0,81
127561,MECKLENBURG,2014-11-04,27,1164,S,US HOUSE OF REPRESENTATIVES DISTRICT 12,Vince Coakley,REP,1,40,24,0,0,64
127562,MECKLENBURG,2014-11-04,116,1164,S,US HOUSE OF REPRESENTATIVES DISTRICT 12,Vince Coakley,REP,1,113,38,0,0,151
127563,MECKLENBURG,2014-11-04,46,1164,S,US HOUSE OF REPRESENTATIVES DISTRICT 12,Vince Coakley,REP,1,208,46,0,0,254
127564,MECKLENBURG,2014-11-04,43,1164,S,US HOUSE OF REPRESENTATIVES DISTRICT 12,Vince Coakley,REP,1,98,45,0,0,143
127565,MECKLENBURG,2014-11-04,60,1164,S,US HOUSE OF REPRESENTATIVES DISTRICT 12,Vince Coakley,REP,1,46,30,0,0,76
127566,MECKLENBURG,2014-11-04,124,1164,S,US HOUSE OF REPRESENTATIVES DISTRICT 12,Vince Coakley,REP,1,111,44,0,0,155
127567,MECKLENBURG,2014-11-04,151,1164,S,US HOUSE OF REPRESENTATIVES DISTRICT 12,Vince Coakley,REP,1,330,96,0,0,426
127568,MECKLENBURG,2014-11-04,107.1,1164,S,US HOUSE OF REPRESENTATIVES DISTRICT 12,Vince Coakley,REP,1,232,82,0,0,314
127569,MECKLENBURG,2014-11-04,237,1164,S,US HOUSE OF REPRESENTATIVES DISTRICT 12,Vince Coakley,REP,1,272,36,0,0,308
127571,MECKLENBURG,2014-11-04,117,1164,S,US HOUSE OF REPRESENTATIVES DISTRICT 12,Vince Coakley,REP,1,153,65,0,0,218
127572,MECKLENBURG,2014-11-04,77,1164,S,US HOUSE OF REPRESENTATIVES DISTRICT 12,Vince Coakley,REP,1,72,17,0,0,89
127573,MECKLENBURG,2014-11-04,30,1164,S,US HOUSE OF REPRESENTATIVES DISTRICT 12,Vince Coakley,REP,1,150,37,0,0,187
127574,MECKLENBURG,2014-11-04,45,1164,S,US HOUSE OF REPRESENTATIVES DISTRICT 12,Vince Coakley,REP,1,178,40,0,0,218
127575,MECKLENBURG,2014-11-04,138,1164,S,US HOUSE OF REPRESENTATIVES DISTRICT 12,Vince Coakley,REP,1,169,61,0,0,230
127576,MECKLENBURG,2014-11-04,135,1164,S,US HOUSE OF REPRESENTATIVES DISTRICT 12,Vince Coakley,REP,1,268,98,0,0,366
127577,MECKLENBURG,2014-11-04,204.1,1164,S,US HOUSE OF REPRESENTATIVES DISTRICT 12,Vince Coakley,REP,1,279,87,0,0,366
127578,MECKLENBURG,2014-11-04,98,1164,S,US HOUSE OF REPRESENTATIVES DISTRICT 12,Vince Coakley,REP,1,119,26,0,0,145
127579,MECKLENBURG,2014-11-04,16,1164,S,US HOUSE OF REPRESENTATIVES DISTRICT 12,Vince Coakley,REP,1,18,36,0,0,54
127580,MECKLENBURG,2014-11-04,40,1164,S,US HOUSE OF REPRESENTATIVES DISTRICT 12,Vince Coakley,REP,1,92,19,0,0,111
127581,MECKLENBURG,2014-11-04,13,1164,S,US HOUSE OF REPRESENTATIVES DISTRICT 12,Vince Coakley,REP,1,145,80,0,0,225
127582,MECKLENBURG,2014-11-04,81,1164,S,US HOUSE OF REPRESENTATIVES DISTRICT 12,Vince Coakley,REP,1,198,117,0,0,315
127583,MECKLENBURG,2014-11-04,61,1164,S,US HOUSE OF REPRESENTATIVES DISTRICT 12,Vince Coakley,REP,1,215,62,0,0,277
127584,MECKLENBURG,2014-11-04,104,1164,S,US HOUSE OF REPRESENTATIVES DISTRICT 12,Vince Coakley,REP,1,78,53,0,0,131
127585,MECKLENBURG,2014-11-04,105,1164,S,US HOUSE OF REPRESENTATIVES DISTRICT 12,Vince Coakley,REP,1,182,43,0,0,225
127586,MECKLENBURG,2014-11-04,203,1164,S,US HOUSE OF REPRESENTATIVES DISTRICT 12,Vince Coakley,REP,1,395,114,0,0,509
127587,MECKLENBURG,2014-11-04,2,1164,S,US HOUSE OF REPRESENTATIVES DISTRICT 12,Vince Coakley,REP,1,0,0,0,0,0
127588,MECKLENBURG,2014-11-04,3,1164,S,US HOUSE OF REPRESENTATIVES DISTRICT 12,Vince Coakley,REP,1,64,21,0,0,85
127589,MECKLENBURG,2014-11-04,147,1164,S,US HOUSE OF REPRESENTATIVES DISTRICT 12,Vince Coakley,REP,1,136,64,0,0,200
127590,MECKLENBURG,2014-11-04,108,1164,S,US HOUSE OF REPRESENTATIVES DISTRICT 12,Vince Coakley,REP,1,78,30,0,0,108
127591,MECKLENBURG,2014-11-04,123,1164,S,US HOUSE OF REPRESENTATIVES DISTRICT 12,Vince Coakley,REP,1,169,62,0,0,231
132616,MECKLENBURG,2014-11-04,63,1369,S,US HOUSE OF REPRESENTATIVES DISTRICT 12 (UNEXPIRED TERM),Alma Adams,DEM,1,331,221,0,0,552
132617,MECKLENBURG,2014-11-04,53,1369,S,US HOUSE OF REPRESENTATIVES DISTRICT 12 (UNEXPIRED TERM),Alma Adams,DEM,1,568,369,0,0,937
132618,MECKLENBURG,2014-11-04,13,1369,S,US HOUSE OF REPRESENTATIVES DISTRICT 12 (UNEXPIRED TERM),Alma Adams,DEM,1,403,263,0,0,666
132619,MECKLENBURG,2014-11-04,3,1369,S,US HOUSE OF REPRESENTATIVES DISTRICT 12 (UNEXPIRED TERM),Alma Adams,DEM,1,431,272,0,0,703
132620,MECKLENBURG,2014-11-04,2,1369,S,US HOUSE OF REPRESENTATIVES DISTRICT 12 (UNEXPIRED TERM),Alma Adams,DEM,1,1,0,0,0,1
132621,MECKLENBURG,2014-11-04,84,1369,S,US HOUSE OF REPRESENTATIVES DISTRICT 12 (UNEXPIRED TERM),Alma Adams,DEM,1,381,231,0,0,612
132622,MECKLENBURG,2014-11-04,205,1369,S,US HOUSE OF REPRESENTATIVES DISTRICT 12 (UNEXPIRED TERM),Alma Adams,DEM,1,466,297,0,0,763
132623,MECKLENBURG,2014-11-04,149,1369,S,US HOUSE OF REPRESENTATIVES DISTRICT 12 (UNEXPIRED TERM),Alma Adams,DEM,1,858,593,0,0,1451
132624,MECKLENBURG,2014-11-04,120,1369,S,US HOUSE OF REPRESENTATIVES DISTRICT 12 (UNEXPIRED TERM),Alma Adams,DEM,1,356,158,0,0,514
132625,MECKLENBURG,2014-11-04,126,1369,S,US HOUSE OF REPRESENTATIVES DISTRICT 12 (UNEXPIRED TERM),Alma Adams,DEM,1,561,361,0,0,922
132626,MECKLENBURG,2014-11-04,237,1369,S,US HOUSE OF REPRESENTATIVES DISTRICT 12 (UNEXPIRED TERM),Alma Adams,DEM,1,653,306,0,0,959
132627,MECKLENBURG,2014-11-04,60,1369,S,US HOUSE OF REPRESENTATIVES DISTRICT 12 (UNEXPIRED TERM),Alma Adams,DEM,1,460,361,0,0,821
132628,MECKLENBURG,2014-11-04,107.1,1369,S,US HOUSE OF REPRESENTATIVES DISTRICT 12 (UNEXPIRED TERM),Alma Adams,DEM,1,649,405,0,0,1054
132629,MECKLENBURG,2014-11-04,130,1369,S,US HOUSE OF REPRESENTATIVES DISTRICT 12 (UNEXPIRED TERM),Alma Adams,DEM,1,253,157,0,0,410
132630,MECKLENBURG,2014-11-04,30,1369,S,US HOUSE OF REPRESENTATIVES DISTRICT 12 (UNEXPIRED TERM),Alma Adams,DEM,1,500,247,0,0,747
132631,MECKLENBURG,2014-11-04,117,1369,S,US HOUSE OF REPRESENTATIVES DISTRICT 12 (UNEXPIRED TERM),Alma Adams,DEM,1,294,248,0,0,542
132632,MECKLENBURG,2014-11-04,77,1369,S,US HOUSE OF REPRESENTATIVES DISTRICT 12 (UNEXPIRED TERM),Alma Adams,DEM,1,515,271,0,0,786
132633,MECKLENBURG,2014-11-04,31,1369,S,US HOUSE OF REPRESENTATIVES DISTRICT 12 (UNEXPIRED TERM),Alma Adams,DEM,1,413,367,0,0,780
132634,MECKLENBURG,2014-11-04,97,1369,S,US HOUSE OF REPRESENTATIVES DISTRICT 12 (UNEXPIRED TERM),Alma Adams,DEM,1,283,101,0,0,384
132635,MECKLENBURG,2014-11-04,210,1369,S,US HOUSE OF REPRESENTATIVES DISTRICT 12 (UNEXPIRED TERM),Alma Adams,DEM,1,1059,1067,0,0,2126
132636,MECKLENBURG,2014-11-04,211,1369,S,US HOUSE OF REPRESENTATIVES DISTRICT 12 (UNEXPIRED TERM),Alma Adams,DEM,1,1166,901,0,0,2067
132637,MECKLENBURG,2014-11-04,213,1369,S,US HOUSE OF REPRESENTATIVES DISTRICT 12 (UNEXPIRED TERM),Alma Adams,DEM,1,717,574,0,0,1291
132638,MECKLENBURG,2014-11-04,132,1369,S,US HOUSE OF REPRESENTATIVES DISTRICT 12 (UNEXPIRED TERM),Alma Adams,DEM,1,359,163,0,0,522
132640,MECKLENBURG,2014-11-04,141,1369,S,US HOUSE OF REPRESENTATIVES DISTRICT 12 (UNEXPIRED TERM),Alma Adams,DEM,1,353,91,0,0,444
132641,MECKLENBURG,2014-11-04,29,1369,S,US HOUSE OF REPRESENTATIVES DISTRICT 12 (UNEXPIRED TERM),Alma Adams,DEM,1,360,170,0,0,530
132642,MECKLENBURG,2014-11-04,43,1369,S,US HOUSE OF REPRESENTATIVES DISTRICT 12 (UNEXPIRED TERM),Alma Adams,DEM,1,484,352,0,0,836
132643,MECKLENBURG,2014-11-04,46,1369,S,US HOUSE OF REPRESENTATIVES DISTRICT 12 (UNEXPIRED TERM),Alma Adams,DEM,1,445,234,0,0,679
132644,MECKLENBURG,2014-11-04,26,1369,S,US HOUSE OF REPRESENTATIVES DISTRICT 12 (UNEXPIRED TERM),Alma Adams,DEM,1,719,445,0,0,1164
132645,MECKLENBURG,2014-11-04,23,1369,S,US HOUSE OF REPRESENTATIVES DISTRICT 12 (UNEXPIRED TERM),Alma Adams,DEM,1,285,193,0,0,478
132646,MECKLENBURG,2014-11-04,39,1369,S,US HOUSE OF REPRESENTATIVES DISTRICT 12 (UNEXPIRED TERM),Alma Adams,DEM,1,341,296,0,0,637
132647,MECKLENBURG,2014-11-04,78.1,1369,S,US HOUSE OF REPRESENTATIVES DISTRICT 12 (UNEXPIRED TERM),Alma Adams,DEM,1,277,110,0,0,387
132648,MECKLENBURG,2014-11-04,41,1369,S,US HOUSE OF REPRESENTATIVES DISTRICT 12 (UNEXPIRED TERM),Alma Adams,DEM,1,464,261,0,0,725
132649,MECKLENBURG,2014-11-04,146,1369,S,US HOUSE OF REPRESENTATIVES DISTRICT 12 (UNEXPIRED TERM),Alma Adams,DEM,1,652,474,0,0,1126
132650,MECKLENBURG,2014-11-04,125,1369,S,US HOUSE OF REPRESENTATIVES DISTRICT 12 (UNEXPIRED TERM),Alma Adams,DEM,1,239,126,0,0,365
132651,MECKLENBURG,2014-11-04,222,1369,S,US HOUSE OF REPRESENTATIVES DISTRICT 12 (UNEXPIRED TERM),Alma Adams,DEM,1,987,676,0,0,1663
132652,MECKLENBURG,2014-11-04,14,1369,S,US HOUSE OF REPRESENTATIVES DISTRICT 12 (UNEXPIRED TERM),Alma Adams,DEM,1,505,292,0,0,797
132653,MECKLENBURG,2014-11-04,33,1369,S,US HOUSE OF REPRESENTATIVES DISTRICT 12 (UNEXPIRED TERM),Alma Adams,DEM,1,324,156,0,0,480
132654,MECKLENBURG,2014-11-04,11,1369,S,US HOUSE OF REPRESENTATIVES DISTRICT 12 (UNEXPIRED TERM),Alma Adams,DEM,1,756,511,0,0,1267
132655,MECKLENBURG,2014-11-04,6,1369,S,US HOUSE OF REPRESENTATIVES DISTRICT 12 (UNEXPIRED TERM),Alma Adams,DEM,1,392,224,0,0,616
132656,MECKLENBURG,2014-11-04,203,1369,S,US HOUSE OF REPRESENTATIVES DISTRICT 12 (UNEXPIRED TERM),Alma Adams,DEM,1,878,502,0,0,1380
132657,MECKLENBURG,2014-11-04,56,1369,S,US HOUSE OF REPRESENTATIVES DISTRICT 12 (UNEXPIRED TERM),Alma Adams,DEM,1,327,126,0,0,453
132658,MECKLENBURG,2014-11-04,54,1369,S,US HOUSE OF REPRESENTATIVES DISTRICT 12 (UNEXPIRED TERM),Alma Adams,DEM,1,604,359,0,0,963
132659,MECKLENBURG,2014-11-04,42,1369,S,US HOUSE OF REPRESENTATIVES DISTRICT 12 (UNEXPIRED TERM),Alma Adams,DEM,1,517,473,0,0,990
132660,MECKLENBURG,2014-11-04,28,1369,S,US HOUSE OF REPRESENTATIVES DISTRICT 12 (UNEXPIRED TERM),Alma Adams,DEM,1,366,180,0,0,546
132661,MECKLENBURG,2014-11-04,25,1369,S,US HOUSE OF REPRESENTATIVES DISTRICT 12 (UNEXPIRED TERM),Alma Adams,DEM,1,477,338,0,0,815
132662,MECKLENBURG,2014-11-04,22,1369,S,US HOUSE OF REPRESENTATIVES DISTRICT 12 (UNEXPIRED TERM),Alma Adams,DEM,1,675,361,0,0,1036
132663,MECKLENBURG,2014-11-04,12,1369,S,US HOUSE OF REPRESENTATIVES DISTRICT 12 (UNEXPIRED TERM),Alma Adams,DEM,1,375,265,0,0,640
132664,MECKLENBURG,2014-11-04,4,1369,S,US HOUSE OF REPRESENTATIVES DISTRICT 12 (UNEXPIRED TERM),Alma Adams,DEM,1,386,228,0,0,614
132665,MECKLENBURG,2014-11-04,5,1369,S,US HOUSE OF REPRESENTATIVES DISTRICT 12 (UNEXPIRED TERM),Alma Adams,DEM,1,241,133,0,0,374
132666,MECKLENBURG,2014-11-04,62,1369,S,US HOUSE OF REPRESENTATIVES DISTRICT 12 (UNEXPIRED TERM),Alma Adams,DEM,1,317,206,0,0,523
132667,MECKLENBURG,2014-11-04,82,1369,S,US HOUSE OF REPRESENTATIVES DISTRICT 12 (UNEXPIRED TERM),Alma Adams,DEM,1,614,339,0,0,953
132668,MECKLENBURG,2014-11-04,147,1369,S,US HOUSE OF REPRESENTATIVES DISTRICT 12 (UNEXPIRED TERM),Alma Adams,DEM,1,543,367,0,0,910
132669,MECKLENBURG,2014-11-04,123,1369,S,US HOUSE OF REPRESENTATIVES DISTRICT 12 (UNEXPIRED TERM),Alma Adams,DEM,1,476,309,0,0,785
132670,MECKLENBURG,2014-11-04,212,1369,S,US HOUSE OF REPRESENTATIVES DISTRICT 12 (UNEXPIRED TERM),Alma Adams,DEM,1,1403,945,0,0,2348
132671,MECKLENBURG,2014-11-04,108,1369,S,US HOUSE OF REPRESENTATIVES DISTRICT 12 (UNEXPIRED TERM),Alma Adams,DEM,1,391,266,0,0,657
132672,MECKLENBURG,2014-11-04,98,1369,S,US HOUSE OF REPRESENTATIVES DISTRICT 12 (UNEXPIRED TERM),Alma Adams,DEM,1,440,204,0,0,644
132673,MECKLENBURG,2014-11-04,17,1369,S,US HOUSE OF REPRESENTATIVES DISTRICT 12 (UNEXPIRED TERM),Alma Adams,DEM,1,405,145,0,0,550
132674,MECKLENBURG,2014-11-04,104,1369,S,US HOUSE OF REPRESENTATIVES DISTRICT 12 (UNEXPIRED TERM),Alma Adams,DEM,1,657,433,0,0,1090
132675,MECKLENBURG,2014-11-04,105,1369,S,US HOUSE OF REPRESENTATIVES DISTRICT 12 (UNEXPIRED TERM),Alma Adams,DEM,1,569,275,0,0,844
132676,MECKLENBURG,2014-11-04,16,1369,S,US HOUSE OF REPRESENTATIVES DISTRICT 12 (UNEXPIRED TERM),Alma Adams,DEM,1,688,647,0,0,1335
132677,MECKLENBURG,2014-11-04,40,1369,S,US HOUSE OF REPRESENTATIVES DISTRICT 12 (UNEXPIRED TERM),Alma Adams,DEM,1,472,223,0,0,695
132678,MECKLENBURG,2014-11-04,61,1369,S,US HOUSE OF REPRESENTATIVES DISTRICT 12 (UNEXPIRED TERM),Alma Adams,DEM,1,378,208,0,0,586
132679,MECKLENBURG,2014-11-04,81,1369,S,US HOUSE OF REPRESENTATIVES DISTRICT 12 (UNEXPIRED TERM),Alma Adams,DEM,1,625,547,0,0,1172
132680,MECKLENBURG,2014-11-04,151,1369,S,US HOUSE OF REPRESENTATIVES DISTRICT 12 (UNEXPIRED TERM),Alma Adams,DEM,1,676,384,0,0,1060
132681,MECKLENBURG,2014-11-04,124,1369,S,US HOUSE OF REPRESENTATIVES DISTRICT 12 (UNEXPIRED TERM),Alma Adams,DEM,1,466,329,0,0,795
132682,MECKLENBURG,2014-11-04,52,1369,S,US HOUSE OF REPRESENTATIVES DISTRICT 12 (UNEXPIRED TERM),Alma Adams,DEM,1,483,444,0,0,927
132683,MECKLENBURG,2014-11-04,55,1369,S,US HOUSE OF REPRESENTATIVES DISTRICT 12 (UNEXPIRED TERM),Alma Adams,DEM,1,303,278,0,0,581
132684,MECKLENBURG,2014-11-04,45,1369,S,US HOUSE OF REPRESENTATIVES DISTRICT 12 (UNEXPIRED TERM),Alma Adams,DEM,1,290,146,0,0,436
132685,MECKLENBURG,2014-11-04,24,1369,S,US HOUSE OF REPRESENTATIVES DISTRICT 12 (UNEXPIRED TERM),Alma Adams,DEM,1,379,314,0,0,693
132686,MECKLENBURG,2014-11-04,135,1369,S,US HOUSE OF REPRESENTATIVES DISTRICT 12 (UNEXPIRED TERM),Alma Adams,DEM,1,1134,724,0,0,1858
132687,MECKLENBURG,2014-11-04,204.1,1369,S,US HOUSE OF REPRESENTATIVES DISTRICT 12 (UNEXPIRED TERM),Alma Adams,DEM,1,1019,553,0,0,1572
132688,MECKLENBURG,2014-11-04,138,1369,S,US HOUSE OF REPRESENTATIVES DISTRICT 12 (UNEXPIRED TERM),Alma Adams,DEM,1,439,244,0,0,683
132691,MECKLENBURG,2014-11-04,27,1369,S,US HOUSE OF REPRESENTATIVES DISTRICT 12 (UNEXPIRED TERM),Alma Adams,DEM,1,413,292,0,0,705
132692,MECKLENBURG,2014-11-04,79,1369,S,US HOUSE OF REPRESENTATIVES DISTRICT 12 (UNEXPIRED TERM),Alma Adams,DEM,1,289,160,0,0,449
132693,MECKLENBURG,2014-11-04,99,1369,S,US HOUSE OF REPRESENTATIVES DISTRICT 12 (UNEXPIRED TERM),Alma Adams,DEM,1,252,175,0,0,427
132694,MECKLENBURG,2014-11-04,116,1369,S,US HOUSE OF REPRESENTATIVES DISTRICT 12 (UNEXPIRED TERM),Alma Adams,DEM,1,296,200,0,0,496
132695,MECKLENBURG,2014-11-04,53,1369,S,US HOUSE OF REPRESENTATIVES DISTRICT 12 (UNEXPIRED TERM),Vince Coakley,REP,1,89,29,0,0,118
132696,MECKLENBURG,2014-11-04,39,1369,S,US HOUSE OF REPRESENTATIVES DISTRICT 12 (UNEXPIRED TERM),Vince Coakley,REP,1,21,25,0,0,46
132697,MECKLENBURG,2014-11-04,2,1369,S,US HOUSE OF REPRESENTATIVES DISTRICT 12 (UNEXPIRED TERM),Vince Coakley,REP,1,0,0,0,0,0
132698,MECKLENBURG,2014-11-04,33,1369,S,US HOUSE OF REPRESENTATIVES DISTRICT 12 (UNEXPIRED TERM),Vince Coakley,REP,1,164,35,0,0,199
132699,MECKLENBURG,2014-11-04,11,1369,S,US HOUSE OF REPRESENTATIVES DISTRICT 12 (UNEXPIRED TERM),Vince Coakley,REP,1,508,246,0,0,754
132700,MECKLENBURG,2014-11-04,14,1369,S,US HOUSE OF REPRESENTATIVES DISTRICT 12 (UNEXPIRED TERM),Vince Coakley,REP,1,56,18,0,0,74
132701,MECKLENBURG,2014-11-04,211,1369,S,US HOUSE OF REPRESENTATIVES DISTRICT 12 (UNEXPIRED TERM),Vince Coakley,REP,1,546,266,0,0,812
132702,MECKLENBURG,2014-11-04,213,1369,S,US HOUSE OF REPRESENTATIVES DISTRICT 12 (UNEXPIRED TERM),Vince Coakley,REP,1,137,72,0,0,209
132703,MECKLENBURG,2014-11-04,210,1369,S,US HOUSE OF REPRESENTATIVES DISTRICT 12 (UNEXPIRED TERM),Vince Coakley,REP,1,166,102,0,0,268
132704,MECKLENBURG,2014-11-04,97,1369,S,US HOUSE OF REPRESENTATIVES DISTRICT 12 (UNEXPIRED TERM),Vince Coakley,REP,1,106,20,0,0,126
132705,MECKLENBURG,2014-11-04,31,1369,S,US HOUSE OF REPRESENTATIVES DISTRICT 12 (UNEXPIRED TERM),Vince Coakley,REP,1,27,23,0,0,50
132706,MECKLENBURG,2014-11-04,23,1369,S,US HOUSE OF REPRESENTATIVES DISTRICT 12 (UNEXPIRED TERM),Vince Coakley,REP,1,41,18,0,0,59
132707,MECKLENBURG,2014-11-04,26,1369,S,US HOUSE OF REPRESENTATIVES DISTRICT 12 (UNEXPIRED TERM),Vince Coakley,REP,1,154,46,0,0,200
132708,MECKLENBURG,2014-11-04,29,1369,S,US HOUSE OF REPRESENTATIVES DISTRICT 12 (UNEXPIRED TERM),Vince Coakley,REP,1,155,47,0,0,202
132709,MECKLENBURG,2014-11-04,43,1369,S,US HOUSE OF REPRESENTATIVES DISTRICT 12 (UNEXPIRED TERM),Vince Coakley,REP,1,103,41,0,0,144
132710,MECKLENBURG,2014-11-04,46,1369,S,US HOUSE OF REPRESENTATIVES DISTRICT 12 (UNEXPIRED TERM),Vince Coakley,REP,1,202,47,0,0,249
132711,MECKLENBURG,2014-11-04,130,1369,S,US HOUSE OF REPRESENTATIVES DISTRICT 12 (UNEXPIRED TERM),Vince Coakley,REP,1,129,58,0,0,187
132712,MECKLENBURG,2014-11-04,63,1369,S,US HOUSE OF REPRESENTATIVES DISTRICT 12 (UNEXPIRED TERM),Vince Coakley,REP,1,121,46,0,0,167
132713,MECKLENBURG,2014-11-04,84,1369,S,US HOUSE OF REPRESENTATIVES DISTRICT 12 (UNEXPIRED TERM),Vince Coakley,REP,1,135,38,0,0,173
132714,MECKLENBURG,2014-11-04,16,1369,S,US HOUSE OF REPRESENTATIVES DISTRICT 12 (UNEXPIRED TERM),Vince Coakley,REP,1,23,26,0,0,49
132715,MECKLENBURG,2014-11-04,13,1369,S,US HOUSE OF REPRESENTATIVES DISTRICT 12 (UNEXPIRED TERM),Vince Coakley,REP,1,141,80,0,0,221
132716,MECKLENBURG,2014-11-04,205,1369,S,US HOUSE OF REPRESENTATIVES DISTRICT 12 (UNEXPIRED TERM),Vince Coakley,REP,1,407,146,0,0,553
132717,MECKLENBURG,2014-11-04,138,1369,S,US HOUSE OF REPRESENTATIVES DISTRICT 12 (UNEXPIRED TERM),Vince Coakley,REP,1,172,61,0,0,233
132718,MECKLENBURG,2014-11-04,135,1369,S,US HOUSE OF REPRESENTATIVES DISTRICT 12 (UNEXPIRED TERM),Vince Coakley,REP,1,256,98,0,0,354
132719,MECKLENBURG,2014-11-04,124,1369,S,US HOUSE OF REPRESENTATIVES DISTRICT 12 (UNEXPIRED TERM),Vince Coakley,REP,1,105,42,0,0,147
132720,MECKLENBURG,2014-11-04,116,1369,S,US HOUSE OF REPRESENTATIVES DISTRICT 12 (UNEXPIRED TERM),Vince Coakley,REP,1,111,34,0,0,145
132721,MECKLENBURG,2014-11-04,117,1369,S,US HOUSE OF REPRESENTATIVES DISTRICT 12 (UNEXPIRED TERM),Vince Coakley,REP,1,147,67,0,0,214
132722,MECKLENBURG,2014-11-04,151,1369,S,US HOUSE OF REPRESENTATIVES DISTRICT 12 (UNEXPIRED TERM),Vince Coakley,REP,1,315,92,0,0,407
132723,MECKLENBURG,2014-11-04,79,1369,S,US HOUSE OF REPRESENTATIVES DISTRICT 12 (UNEXPIRED TERM),Vince Coakley,REP,1,220,50,0,0,270
132724,MECKLENBURG,2014-11-04,99,1369,S,US HOUSE OF REPRESENTATIVES DISTRICT 12 (UNEXPIRED TERM),Vince Coakley,REP,1,52,25,0,0,77
132725,MECKLENBURG,2014-11-04,77,1369,S,US HOUSE OF REPRESENTATIVES DISTRICT 12 (UNEXPIRED TERM),Vince Coakley,REP,1,71,14,0,0,85
132726,MECKLENBURG,2014-11-04,3,1369,S,US HOUSE OF REPRESENTATIVES DISTRICT 12 (UNEXPIRED TERM),Vince Coakley,REP,1,66,17,0,0,83
132727,MECKLENBURG,2014-11-04,30,1369,S,US HOUSE OF REPRESENTATIVES DISTRICT 12 (UNEXPIRED TERM),Vince Coakley,REP,1,146,33,0,0,179
132728,MECKLENBURG,2014-11-04,52,1369,S,US HOUSE OF REPRESENTATIVES DISTRICT 12 (UNEXPIRED TERM),Vince Coakley,REP,1,36,26,0,0,62
132729,MECKLENBURG,2014-11-04,55,1369,S,US HOUSE OF REPRESENTATIVES DISTRICT 12 (UNEXPIRED TERM),Vince Coakley,REP,1,17,16,0,0,33
132730,MECKLENBURG,2014-11-04,60,1369,S,US HOUSE OF REPRESENTATIVES DISTRICT 12 (UNEXPIRED TERM),Vince Coakley,REP,1,37,29,0,0,66
132731,MECKLENBURG,2014-11-04,149,1369,S,US HOUSE OF REPRESENTATIVES DISTRICT 12 (UNEXPIRED TERM),Vince Coakley,REP,1,242,92,0,0,334
132732,MECKLENBURG,2014-11-04,126,1369,S,US HOUSE OF REPRESENTATIVES DISTRICT 12 (UNEXPIRED TERM),Vince Coakley,REP,1,164,52,0,0,216
132733,MECKLENBURG,2014-11-04,120,1369,S,US HOUSE OF REPRESENTATIVES DISTRICT 12 (UNEXPIRED TERM),Vince Coakley,REP,1,82,25,0,0,107
132734,MECKLENBURG,2014-11-04,222,1369,S,US HOUSE OF REPRESENTATIVES DISTRICT 12 (UNEXPIRED TERM),Vince Coakley,REP,1,446,176,0,0,622
132735,MECKLENBURG,2014-11-04,45,1369,S,US HOUSE OF REPRESENTATIVES DISTRICT 12 (UNEXPIRED TERM),Vince Coakley,REP,1,173,35,0,0,208
132736,MECKLENBURG,2014-11-04,81,1369,S,US HOUSE OF REPRESENTATIVES DISTRICT 12 (UNEXPIRED TERM),Vince Coakley,REP,1,196,111,0,0,307
132737,MECKLENBURG,2014-11-04,61,1369,S,US HOUSE OF REPRESENTATIVES DISTRICT 12 (UNEXPIRED TERM),Vince Coakley,REP,1,197,61,0,0,258
132739,MECKLENBURG,2014-11-04,147,1369,S,US HOUSE OF REPRESENTATIVES DISTRICT 12 (UNEXPIRED TERM),Vince Coakley,REP,1,137,60,0,0,197
132740,MECKLENBURG,2014-11-04,212,1369,S,US HOUSE OF REPRESENTATIVES DISTRICT 12 (UNEXPIRED TERM),Vince Coakley,REP,1,522,172,0,0,694
132741,MECKLENBURG,2014-11-04,123,1369,S,US HOUSE OF REPRESENTATIVES DISTRICT 12 (UNEXPIRED TERM),Vince Coakley,REP,1,162,62,0,0,224
132743,MECKLENBURG,2014-11-04,24,1369,S,US HOUSE OF REPRESENTATIVES DISTRICT 12 (UNEXPIRED TERM),Vince Coakley,REP,1,86,40,0,0,126
132744,MECKLENBURG,2014-11-04,27,1369,S,US HOUSE OF REPRESENTATIVES DISTRICT 12 (UNEXPIRED TERM),Vince Coakley,REP,1,35,27,0,0,62
132745,MECKLENBURG,2014-11-04,56,1369,S,US HOUSE OF REPRESENTATIVES DISTRICT 12 (UNEXPIRED TERM),Vince Coakley,REP,1,21,11,0,0,32
132746,MECKLENBURG,2014-11-04,54,1369,S,US HOUSE OF REPRESENTATIVES DISTRICT 12 (UNEXPIRED TERM),Vince Coakley,REP,1,48,18,0,0,66
132747,MECKLENBURG,2014-11-04,107.1,1369,S,US HOUSE OF REPRESENTATIVES DISTRICT 12 (UNEXPIRED TERM),Vince Coakley,REP,1,230,77,0,0,307
132748,MECKLENBURG,2014-11-04,237,1369,S,US HOUSE OF REPRESENTATIVES DISTRICT 12 (UNEXPIRED TERM),Vince Coakley,REP,1,266,33,0,0,299
132749,MECKLENBURG,2014-11-04,204.1,1369,S,US HOUSE OF REPRESENTATIVES DISTRICT 12 (UNEXPIRED TERM),Vince Coakley,REP,1,270,79,0,0,349
132750,MECKLENBURG,2014-11-04,40,1369,S,US HOUSE OF REPRESENTATIVES DISTRICT 12 (UNEXPIRED TERM),Vince Coakley,REP,1,80,22,0,0,102
132751,MECKLENBURG,2014-11-04,4,1369,S,US HOUSE OF REPRESENTATIVES DISTRICT 12 (UNEXPIRED TERM),Vince Coakley,REP,1,218,55,0,0,273
132752,MECKLENBURG,2014-11-04,5,1369,S,US HOUSE OF REPRESENTATIVES DISTRICT 12 (UNEXPIRED TERM),Vince Coakley,REP,1,98,21,0,0,119
132753,MECKLENBURG,2014-11-04,82,1369,S,US HOUSE OF REPRESENTATIVES DISTRICT 12 (UNEXPIRED TERM),Vince Coakley,REP,1,29,20,0,0,49
132754,MECKLENBURG,2014-11-04,62,1369,S,US HOUSE OF REPRESENTATIVES DISTRICT 12 (UNEXPIRED TERM),Vince Coakley,REP,1,118,33,0,0,151
132755,MECKLENBURG,2014-11-04,41,1369,S,US HOUSE OF REPRESENTATIVES DISTRICT 12 (UNEXPIRED TERM),Vince Coakley,REP,1,71,26,0,0,97
132756,MECKLENBURG,2014-11-04,12,1369,S,US HOUSE OF REPRESENTATIVES DISTRICT 12 (UNEXPIRED TERM),Vince Coakley,REP,1,50,28,0,0,78
132757,MECKLENBURG,2014-11-04,132,1369,S,US HOUSE OF REPRESENTATIVES DISTRICT 12 (UNEXPIRED TERM),Vince Coakley,REP,1,191,49,0,0,240
132759,MECKLENBURG,2014-11-04,42,1369,S,US HOUSE OF REPRESENTATIVES DISTRICT 12 (UNEXPIRED TERM),Vince Coakley,REP,1,42,34,0,0,76
132760,MECKLENBURG,2014-11-04,22,1369,S,US HOUSE OF REPRESENTATIVES DISTRICT 12 (UNEXPIRED TERM),Vince Coakley,REP,1,351,88,0,0,439
132761,MECKLENBURG,2014-11-04,25,1369,S,US HOUSE OF REPRESENTATIVES DISTRICT 12 (UNEXPIRED TERM),Vince Coakley,REP,1,11,13,0,0,24
132762,MECKLENBURG,2014-11-04,203,1369,S,US HOUSE OF REPRESENTATIVES DISTRICT 12 (UNEXPIRED TERM),Vince Coakley,REP,1,400,108,0,0,508
132763,MECKLENBURG,2014-11-04,125,1369,S,US HOUSE OF REPRESENTATIVES DISTRICT 12 (UNEXPIRED TERM),Vince Coakley,REP,1,117,26,0,0,143
132764,MECKLENBURG,2014-11-04,146,1369,S,US HOUSE OF REPRESENTATIVES DISTRICT 12 (UNEXPIRED TERM),Vince Coakley,REP,1,200,67,0,0,267
132765,MECKLENBURG,2014-11-04,78.1,1369,S,US HOUSE OF REPRESENTATIVES DISTRICT 12 (UNEXPIRED TERM),Vince Coakley,REP,1,127,30,0,0,157
132766,MECKLENBURG,2014-11-04,108,1369,S,US HOUSE OF REPRESENTATIVES DISTRICT 12 (UNEXPIRED TERM),Vince Coakley,REP,1,80,36,0,0,116
132767,MECKLENBURG,2014-11-04,98,1369,S,US HOUSE OF REPRESENTATIVES DISTRICT 12 (UNEXPIRED TERM),Vince Coakley,REP,1,116,24,0,0,140
132768,MECKLENBURG,2014-11-04,6,1369,S,US HOUSE OF REPRESENTATIVES DISTRICT 12 (UNEXPIRED TERM),Vince Coakley,REP,1,97,30,0,0,127
132769,MECKLENBURG,2014-11-04,17,1369,S,US HOUSE OF REPRESENTATIVES DISTRICT 12 (UNEXPIRED TERM),Vince Coakley,REP,1,48,19,0,0,67
132770,MECKLENBURG,2014-11-04,28,1369,S,US HOUSE OF REPRESENTATIVES DISTRICT 12 (UNEXPIRED TERM),Vince Coakley,REP,1,93,18,0,0,111
132771,MECKLENBURG,2014-11-04,105,1369,S,US HOUSE OF REPRESENTATIVES DISTRICT 12 (UNEXPIRED TERM),Vince Coakley,REP,1,183,41,0,0,224
132772,MECKLENBURG,2014-11-04,104,1369,S,US HOUSE OF REPRESENTATIVES DISTRICT 12 (UNEXPIRED TERM),Vince Coakley,REP,1,75,50,0,0,125
132773,MECKLENBURG,2014-11-04,141,1369,S,US HOUSE OF REPRESENTATIVES DISTRICT 12 (UNEXPIRED TERM),Vince Coakley,REP,1,125,18,0,0,143
174499,ROWAN,2014-11-04,4,1164,S,US HOUSE OF REPRESENTATIVES DISTRICT 12,Alma Adams,DEM,1,145,125,10,0,280
174500,ROWAN,2014-11-04,28,1164,S,US HOUSE OF REPRESENTATIVES DISTRICT 12,Alma Adams,DEM,1,251,257,6,2,516
174501,ROWAN,2014-11-04,36,1164,S,US HOUSE OF REPRESENTATIVES DISTRICT 12,Alma Adams,DEM,1,377,287,30,0,694
174502,ROWAN,2014-11-04,18,1164,S,US HOUSE OF REPRESENTATIVES DISTRICT 12,Alma Adams,DEM,1,228,114,6,0,348
174503,ROWAN,2014-11-04,30,1164,S,US HOUSE OF REPRESENTATIVES DISTRICT 12,Alma Adams,DEM,1,153,102,8,0,263
174504,ROWAN,2014-11-04,44,1164,S,US HOUSE OF REPRESENTATIVES DISTRICT 12,Alma Adams,DEM,1,110,44,5,0,159
174505,ROWAN,2014-11-04,38,1164,S,US HOUSE OF REPRESENTATIVES DISTRICT 12,Alma Adams,DEM,1,411,338,16,11,776
174506,ROWAN,2014-11-04,34,1164,S,US HOUSE OF REPRESENTATIVES DISTRICT 12,Alma Adams,DEM,1,293,199,13,1,506
174507,ROWAN,2014-11-04,35,1164,S,US HOUSE OF REPRESENTATIVES DISTRICT 12,Alma Adams,DEM,1,168,185,11,0,364
174508,ROWAN,2014-11-04,8,1164,S,US HOUSE OF REPRESENTATIVES DISTRICT 12,Alma Adams,DEM,1,206,166,7,0,379
174509,ROWAN,2014-11-04,42,1164,S,US HOUSE OF REPRESENTATIVES DISTRICT 12,Alma Adams,DEM,1,270,151,9,0,430
174510,ROWAN,2014-11-04,28,1164,S,US HOUSE OF REPRESENTATIVES DISTRICT 12,Vince Coakley,REP,1,258,173,11,0,442
174511,ROWAN,2014-11-04,4,1164,S,US HOUSE OF REPRESENTATIVES DISTRICT 12,Vince Coakley,REP,1,821,497,43,0,1361
174512,ROWAN,2014-11-04,36,1164,S,US HOUSE OF REPRESENTATIVES DISTRICT 12,Vince Coakley,REP,1,245,143,25,1,414
174513,ROWAN,2014-11-04,38,1164,S,US HOUSE OF REPRESENTATIVES DISTRICT 12,Vince Coakley,REP,1,203,176,18,0,397
174514,ROWAN,2014-11-04,34,1164,S,US HOUSE OF REPRESENTATIVES DISTRICT 12,Vince Coakley,REP,1,303,163,21,0,487
174515,ROWAN,2014-11-04,35,1164,S,US HOUSE OF REPRESENTATIVES DISTRICT 12,Vince Coakley,REP,1,102,80,8,0,190
174516,ROWAN,2014-11-04,42,1164,S,US HOUSE OF REPRESENTATIVES DISTRICT 12,Vince Coakley,REP,1,10,5,0,0,15
174517,ROWAN,2014-11-04,8,1164,S,US HOUSE OF REPRESENTATIVES DISTRICT 12,Vince Coakley,REP,1,693,305,29,1,1028
174518,ROWAN,2014-11-04,44,1164,S,US HOUSE OF REPRESENTATIVES DISTRICT 12,Vince Coakley,REP,1,593,168,21,1,783
174519,ROWAN,2014-11-04,18,1164,S,US HOUSE OF REPRESENTATIVES DISTRICT 12,Vince Coakley,REP,1,15,12,0,0,27
174520,ROWAN,2014-11-04,30,1164,S,US HOUSE OF REPRESENTATIVES DISTRICT 12,Vince Coakley,REP,1,335,156,21,0,512
175300,ROWAN,2014-11-04,42,1369,S,US HOUSE OF REPRESENTATIVES DISTRICT 12 (UNEXPIRED TERM),Alma Adams,DEM,1,266,149,9,0,424
175301,ROWAN,2014-11-04,8,1369,S,US HOUSE OF REPRESENTATIVES DISTRICT 12 (UNEXPIRED TERM),Alma Adams,DEM,1,199,164,7,0,370
175302,ROWAN,2014-11-04,44,1369,S,US HOUSE OF REPRESENTATIVES DISTRICT 12 (UNEXPIRED TERM),Alma Adams,DEM,1,107,44,5,0,156
175303,ROWAN,2014-11-04,34,1369,S,US HOUSE OF REPRESENTATIVES DISTRICT 12 (UNEXPIRED TERM),Alma Adams,DEM,1,283,205,13,1,502
175304,ROWAN,2014-11-04,35,1369,S,US HOUSE OF REPRESENTATIVES DISTRICT 12 (UNEXPIRED TERM),Alma Adams,DEM,1,157,183,10,0,350
175305,ROWAN,2014-11-04,28,1369,S,US HOUSE OF REPRESENTATIVES DISTRICT 12 (UNEXPIRED TERM),Alma Adams,DEM,1,246,251,6,2,505
175306,ROWAN,2014-11-04,4,1369,S,US HOUSE OF REPRESENTATIVES DISTRICT 12 (UNEXPIRED TERM),Alma Adams,DEM,1,141,119,10,0,270
175307,ROWAN,2014-11-04,38,1369,S,US HOUSE OF REPRESENTATIVES DISTRICT 12 (UNEXPIRED TERM),Alma Adams,DEM,1,397,334,17,11,759
175308,ROWAN,2014-11-04,30,1369,S,US HOUSE OF REPRESENTATIVES DISTRICT 12 (UNEXPIRED TERM),Alma Adams,DEM,1,152,97,8,0,257
175309,ROWAN,2014-11-04,18,1369,S,US HOUSE OF REPRESENTATIVES DISTRICT 12 (UNEXPIRED TERM),Alma Adams,DEM,1,225,112,6,0,343
175310,ROWAN,2014-11-04,36,1369,S,US HOUSE OF REPRESENTATIVES DISTRICT 12 (UNEXPIRED TERM),Alma Adams,DEM,1,372,279,30,0,681
175311,ROWAN,2014-11-04,44,1369,S,US HOUSE OF REPRESENTATIVES DISTRICT 12 (UNEXPIRED TERM),Vince Coakley,REP,1,582,166,21,1,770
175312,ROWAN,2014-11-04,42,1369,S,US HOUSE OF REPRESENTATIVES DISTRICT 12 (UNEXPIRED TERM),Vince Coakley,REP,1,7,5,0,0,12
175313,ROWAN,2014-11-04,34,1369,S,US HOUSE OF REPRESENTATIVES DISTRICT 12 (UNEXPIRED TERM),Vince Coakley,REP,1,291,154,21,0,466
175314,ROWAN,2014-11-04,35,1369,S,US HOUSE OF REPRESENTATIVES DISTRICT 12 (UNEXPIRED TERM),Vince Coakley,REP,1,98,74,7,0,179
175315,ROWAN,2014-11-04,28,1369,S,US HOUSE OF REPRESENTATIVES DISTRICT 12 (UNEXPIRED TERM),Vince Coakley,REP,1,252,169,11,0,432
175316,ROWAN,2014-11-04,38,1369,S,US HOUSE OF REPRESENTATIVES DISTRICT 12 (UNEXPIRED TERM),Vince Coakley,REP,1,197,167,17,0,381
175317,ROWAN,2014-11-04,8,1369,S,US HOUSE OF REPRESENTATIVES DISTRICT 12 (UNEXPIRED TERM),Vince Coakley,REP,1,677,292,29,1,999
175318,ROWAN,2014-11-04,30,1369,S,US HOUSE OF REPRESENTATIVES DISTRICT 12 (UNEXPIRED TERM),Vince Coakley,REP,1,326,151,20,0,497
175319,ROWAN,2014-11-04,18,1369,S,US HOUSE OF REPRESENTATIVES DISTRICT 12 (UNEXPIRED TERM),Vince Coakley,REP,1,13,13,0,0,26
175320,ROWAN,2014-11-04,4,1369,S,US HOUSE OF REPRESENTATIVES DISTRICT 12 (UNEXPIRED TERM),Vince Coakley,REP,1,803,498,43,0,1344
175321,ROWAN,2014-11-04,36,1369,S,US HOUSE OF REPRESENTATIVES DISTRICT 12 (UNEXPIRED TERM),Vince Coakley,REP,1,239,143,24,1,407
